,RLATtr,SVR,Ensemble
seq_0,7.73985481262207,7.715606184470644,7.727730498546357
seq_1,7.725358963012695,7.669894179080867,7.697626571046781
seq_2,7.723910331726074,7.713034768871037,7.718472550298555
seq_3,7.7326812744140625,7.7309276719672955,7.731804473190679
seq_4,7.714048385620117,7.7012817065864505,7.707665046103283
seq_5,7.745149612426758,7.70409219617441,7.7246209043005845
seq_6,7.7546706199646,7.68032090046512,7.7174957602148595
seq_7,7.734118461608887,7.717220615069034,7.725669538338961
seq_8,7.723994255065918,7.671086248028394,7.6975402515471565
seq_9,7.72441291809082,7.7111319075683955,7.717772412829608
seq_10,7.731717109680176,7.701876731401705,7.71679692054094
seq_11,7.698693752288818,7.671348041150761,7.68502089671979
seq_12,7.75186014175415,7.6816500539443116,7.716755097849231
seq_13,7.747885227203369,7.712958663545507,7.730421945374438
seq_14,7.753529071807861,7.750568049942544,7.7520485608752026
seq_15,7.7334113121032715,7.702696468463078,7.718053890283175
seq_16,7.740658283233643,7.712986689460942,7.726822486347292
seq_17,7.707484245300293,7.717898627642557,7.712691436471426
seq_18,7.673982620239258,7.64441782248741,7.659200221363334
seq_19,7.726764678955078,7.723907334463533,7.7253360067093055
seq_20,7.740655899047852,7.738711477849362,7.739683688448607
seq_21,7.697258949279785,7.678392932894446,7.687825941087116
seq_22,7.692795753479004,7.714038065480049,7.703416909479527
seq_23,7.710957050323486,7.687156358251091,7.699056704287289
seq_24,7.703115463256836,7.6947566857000815,7.698936074478459
seq_25,7.686100959777832,7.6925057806024135,7.689303370190123
seq_26,7.711467742919922,7.701121305893851,7.706294524406887
seq_27,7.715900421142578,7.7075651158989915,7.711732768520784
seq_28,7.707456588745117,7.710120157403836,7.708788373074476
seq_29,7.704070568084717,7.677590983995607,7.690830776040162
seq_30,7.722357749938965,7.763678089086154,7.7430179195125595
seq_31,7.717984199523926,7.728288183694724,7.723136191609325
seq_32,7.722738742828369,7.7946848629108985,7.758711802869634
seq_33,7.755876541137695,7.82897323790299,7.792424889520342
seq_34,7.74460506439209,7.733294288444785,7.738949676418438
seq_35,7.7105841636657715,7.774517521435872,7.742550842550822
seq_36,7.79015588760376,7.73119616811337,7.760676027858565
seq_37,7.744639873504639,7.773777503349459,7.759208688427049
seq_38,7.736339092254639,7.740530568000787,7.738434830127713
seq_39,7.752315044403076,7.832033341959702,7.792174193181389
seq_40,7.767065048217773,7.868120932894375,7.817592990556074
seq_41,7.714709281921387,7.713654310024479,7.714181795972933
seq_42,7.7556023597717285,7.789295698494767,7.772449029133248
seq_43,7.7679057121276855,7.718941734400635,7.74342372326416
seq_44,7.7324419021606445,7.7016523183627,7.717047110261673
seq_45,7.731906414031982,7.680167419553885,7.706036916792934
seq_46,7.729996681213379,7.698735261587891,7.714365971400635
seq_47,7.753656387329102,7.720262554474073,7.736959470901587
seq_48,7.7499918937683105,7.767926026944767,7.758958960356539
seq_49,7.784814834594727,7.750658156383239,7.7677364954889825
seq_50,7.790834426879883,7.772852023037409,7.781843224958646
seq_51,7.755974769592285,7.797638093344924,7.7768064314686045
seq_52,7.771060466766357,7.766550785239742,7.76880562600305
seq_53,7.780148506164551,7.753072731306647,7.766610618735599
seq_54,7.749713897705078,7.71935282538107,7.734533361543074
seq_55,7.68727970123291,7.639108686512682,7.663194193872796
seq_56,7.793238639831543,7.754428465798462,7.773833552815002
seq_57,7.763002395629883,7.787107983516071,7.775055189572977
seq_58,7.705739974975586,7.65499892809747,7.680369451536528
seq_59,7.761004447937012,7.786574227614209,7.773789337775611
seq_60,7.712408542633057,7.727880765687951,7.720144654160504
seq_61,7.793229103088379,7.808783159665094,7.801006131376736
seq_62,7.788063049316406,7.8367096470308155,7.812386348173611
seq_63,7.748656749725342,7.715542002732118,7.73209937622873
seq_64,7.740312576293945,7.6851004341898115,7.712706505241878
seq_65,7.801637649536133,7.689707297255469,7.745672473395802
seq_66,7.809477806091309,7.6805853692637704,7.7450315876775395
seq_67,7.734580039978027,7.648759719805389,7.691669879891708
seq_68,7.760443210601807,7.7488316495914065,7.754637430096606
seq_69,7.798677921295166,7.739951511724087,7.769314716509626
seq_70,7.816158294677734,7.7121888036982735,7.764173549188004
seq_71,7.801218032836914,7.7039227377200845,7.752570385278499
seq_72,7.7613654136657715,7.717390438267314,7.739377925966543
seq_73,7.784102916717529,7.744289357402705,7.764196137060117
seq_74,7.802828788757324,7.713553960233158,7.758191374495241
seq_75,7.777744770050049,7.753366489445007,7.765555629747528
seq_76,7.804835796356201,7.793277543096471,7.799056669726336
seq_77,7.768276214599609,7.814258657662524,7.791267436131067
seq_78,7.747502326965332,7.831547681349378,7.789525004157355
seq_79,7.743666172027588,7.73075882947536,7.737212500751474
seq_80,7.7754292488098145,7.7615578572024155,7.768493553006115
seq_81,7.820776462554932,7.633133217889879,7.7269548402224055
seq_82,7.765903472900391,7.734090522637089,7.74999699776874
seq_83,7.732508182525635,7.693877411604625,7.71319279706513
seq_84,7.752906799316406,7.731343850235023,7.7421253247757145
seq_85,7.769430160522461,7.72019814436222,7.74481415244234
seq_86,7.786126136779785,7.749072456858102,7.767599296818943
seq_87,7.778973579406738,7.744579631013577,7.761776605210158
seq_88,7.807832717895508,7.76834676130406,7.7880897395997835
seq_89,7.7737298011779785,7.784111963137784,7.778920882157881
seq_90,7.757157325744629,7.730240061304718,7.743698693524673
seq_91,7.773672103881836,7.760306120946696,7.766989112414266
seq_92,7.805255889892578,7.796037036699424,7.800646463296001
seq_93,7.779144287109375,7.912676191347579,7.845910239228477
seq_94,7.743520259857178,7.9307694936809305,7.837144876769054
seq_95,7.706745147705078,7.700343298316517,7.703544223010798
seq_96,7.800365447998047,7.7719919620257585,7.786178705011903
seq_97,7.810308456420898,7.530612452071619,7.670460454246259
seq_98,7.727407932281494,7.715921815557882,7.721664873919688
seq_99,7.671113014221191,7.636847524501276,7.6539802693612335
seq_100,7.728443145751953,7.694044766891455,7.711243956321704
seq_101,7.738785743713379,7.721675933994874,7.730230838854126
seq_102,7.761810779571533,7.751915771560851,7.756863275566192
seq_103,7.819830894470215,7.718156804701527,7.768993849585871
seq_104,7.774236679077148,7.753893638946272,7.76406515901171
seq_105,7.727877616882324,7.7272545741529735,7.727566095517648
seq_106,7.719460964202881,7.741756369167062,7.730608666684971
seq_107,7.76612663269043,7.805689012298005,7.7859078224942175
seq_108,7.721632480621338,7.828341663774676,7.774987072198007
seq_109,7.7081522941589355,7.843744586819017,7.7759484404889765
seq_110,7.708242416381836,7.6749054386925035,7.69157392753717
seq_111,7.744823455810547,7.769765228002731,7.757294341906639
seq_112,7.795334339141846,7.545954948622278,7.670644643882062
seq_113,7.6946821212768555,7.67779608211444,7.686239101695648
seq_114,7.68239164352417,7.638954229849297,7.660672936686733
seq_115,7.683115005493164,7.671772906017766,7.677443955755465
seq_116,7.706978797912598,7.6939623366142404,7.7004705672634195
seq_117,7.719435214996338,7.7287912476827,7.724113231339519
seq_118,7.750724792480469,7.6742464069749925,7.712485599727731
seq_119,7.73090934753418,7.743204481346629,7.737056914440404
seq_120,7.788376331329346,7.80265447064053,7.795515400984938
seq_121,7.737079620361328,7.7740217682552455,7.755550694308287
seq_122,7.713386535644531,7.7651180149615895,7.739252275303061
seq_123,7.697900295257568,7.697009425633395,7.6974548604454816
seq_124,7.732783794403076,7.741599552235604,7.73719167331934
seq_125,7.75368595123291,7.620880618811361,7.6872832850221355
seq_126,7.7353997230529785,7.710180367191432,7.722790045122205
seq_127,7.647998809814453,7.66271326317689,7.655356036495672
seq_128,7.68472146987915,7.703417862540729,7.6940696662099395
seq_129,7.720236301422119,7.722029760023718,7.7211330307229185
seq_130,7.715452194213867,7.740129615645064,7.727790904929465
seq_131,7.751744747161865,7.714802840281342,7.733273793721604
seq_132,7.73654317855835,7.741779803216026,7.739161490887188
seq_133,7.724788188934326,7.770237057758955,7.7475126233466405
seq_134,7.721808433532715,7.727926054621991,7.724867244077353
seq_135,7.728996276855469,7.7146827962234745,7.721839536539472
seq_136,7.815964221954346,7.7624262075610755,7.789195214757711
seq_137,7.756059646606445,7.719428429005387,7.737744037805916
seq_138,7.749645233154297,7.712146984862826,7.730896109008562
seq_139,7.76480770111084,7.728203177538065,7.746505439324452
seq_140,7.775577068328857,7.710234464619403,7.742905766474131
seq_141,7.75752067565918,7.703090987546323,7.7303058316027515
seq_142,7.786896228790283,7.726048070342351,7.756472149566317
seq_143,7.73786735534668,7.70640651696257,7.722136936154625
seq_144,7.775793552398682,7.725835252309377,7.750814402354029
seq_145,7.7633562088012695,7.725712123274491,7.74453416603788
seq_146,7.765096187591553,7.725383979761601,7.745240083676577
seq_147,7.783567428588867,7.69582301045782,7.739695219523344
seq_148,7.778628349304199,7.721232711836677,7.749930530570438
seq_149,7.76402473449707,7.754401319422781,7.759213026959926
seq_150,7.7638773918151855,7.711012074980483,7.737444733397835
seq_151,7.800037860870361,7.729707485442387,7.764872673156374
seq_152,7.7906341552734375,7.733532971722967,7.762083563498202
seq_153,7.769089698791504,7.721366388964896,7.7452280438782
seq_154,7.749972343444824,7.751561704777227,7.750767024111026
seq_155,7.749812602996826,7.70511721540662,7.727464909201723
seq_156,7.744716644287109,7.704566497253584,7.724641570770347
seq_157,7.7382307052612305,7.722481357494064,7.730356031377648
seq_158,7.730308532714844,7.707758384352319,7.719033458533581
seq_159,7.768744468688965,7.7697576920803275,7.769251080384646
seq_160,7.7331647872924805,7.656886707953316,7.695025747622898
seq_161,7.745713233947754,7.722754969583894,7.734234101765824
seq_162,7.745934009552002,7.721799140023972,7.733866574787987
seq_163,7.752805709838867,7.727218156333948,7.740011933086407
seq_164,7.751331806182861,7.721994498299282,7.736663152241071
seq_165,7.733889102935791,7.71225370672059,7.7230714048281905
seq_166,7.760028839111328,7.726819922183498,7.743424380647413
seq_167,7.751953601837158,7.7270351764664165,7.739494389151787
seq_168,7.770757675170898,7.766800779856744,7.768779227513821
seq_169,7.6640777587890625,7.57500729818228,7.619542528485671
seq_170,7.624567031860352,7.498715424426965,7.5616412281436585
seq_171,7.641106605529785,7.577011183955362,7.6090588947425735
seq_172,7.654436111450195,7.612419602677726,7.63342785706396
seq_173,7.633025646209717,7.5350696809021525,7.584047663555935
seq_174,7.64127254486084,7.558547159259304,7.5999098520600725
seq_175,7.677614212036133,7.604879295594049,7.641246753815091
seq_176,7.618301868438721,7.519949513793319,7.56912569111602
seq_177,7.683589935302734,7.6573112305605235,7.670450582931629
seq_178,7.633591651916504,7.532931721702239,7.583261686809371
seq_179,7.646841049194336,7.5641329274017055,7.60548698829802
seq_180,7.63028621673584,7.589230099856303,7.609758158296072
seq_181,7.644330978393555,7.510729558408565,7.57753026840106
seq_182,7.693747043609619,7.629151374637948,7.661449209123783
seq_183,7.690939426422119,7.728305407959473,7.709622417190796
seq_184,7.694189071655273,7.689157053825614,7.691673062740444
seq_185,7.6474456787109375,7.650029392401805,7.648737535556371
seq_186,7.6506781578063965,7.65274570143186,7.651711929619128
seq_187,7.734964370727539,7.746827829423635,7.740896100075587
seq_188,7.663002014160156,7.654723561946078,7.658862788053117
seq_189,7.70094108581543,7.697819362130815,7.699380223973122
seq_190,7.71614933013916,7.719256195306486,7.717702762722823
seq_191,7.694461822509766,7.6881454416551005,7.691303632082433
seq_192,7.7955827713012695,7.70572562574997,7.75065419852562
seq_193,7.713663101196289,7.636562486945115,7.675112794070702
seq_194,7.74755859375,7.690754272481255,7.719156433115628
seq_195,7.751871109008789,7.736430451162,7.744150780085395
seq_196,7.663363933563232,7.603114635245625,7.633239284404429
seq_197,7.745872974395752,7.675582468438266,7.710727721417009
seq_198,7.812376976013184,7.603957396638396,7.70816718632579
seq_199,7.677358627319336,7.615443346914253,7.646400987116794
seq_200,7.757763862609863,7.673282077093315,7.715522969851589
seq_201,7.695633888244629,7.613212991507288,7.654423439875958
seq_202,7.7260637283325195,7.663411911325334,7.6947378198289265
seq_203,7.778920650482178,7.698751270923081,7.738835960702629
seq_204,7.717194557189941,7.641485938711931,7.679340247950936
seq_205,7.800135612487793,7.710601636152829,7.755368624320311
seq_206,7.795970439910889,7.7642795130629825,7.780124976486936
seq_207,7.7420501708984375,7.720173740746539,7.731111955822488
seq_208,7.6899871826171875,7.667057071718877,7.678522127168032
seq_209,7.694835186004639,7.669161437030907,7.6819983115177735
seq_210,7.711776256561279,7.704416244682409,7.7080962506218444
seq_211,7.675619602203369,7.698909734346872,7.6872646682751204
seq_212,7.695943355560303,7.649674787327138,7.67280907144372
seq_213,7.708981513977051,7.7358728790171405,7.722427196497096
seq_214,7.682092666625977,7.668657300341231,7.675374983483604
seq_215,7.736694812774658,7.736354519002897,7.736524665888778
seq_216,7.691952705383301,7.678394699143787,7.685173702263544
seq_217,7.72111701965332,7.696270122154079,7.7086935709037
seq_218,7.7358832359313965,7.714908365619314,7.725395800775355
seq_219,7.638875961303711,7.629910220410861,7.6343930908572855
seq_220,7.724576950073242,7.6824902673226765,7.70353360869796
seq_221,7.698351860046387,7.661526754824841,7.679939307435614
seq_222,7.698663234710693,7.682986669967446,7.690824952339069
seq_223,7.6929779052734375,7.675564727041042,7.68427131615724
seq_224,7.67539644241333,7.639736934973542,7.657566688693436
seq_225,7.724226474761963,7.693604780296187,7.708915627529075
seq_226,7.68425178527832,7.669547618706046,7.676899701992183
seq_227,7.675849914550781,7.586089659827556,7.630969787189168
seq_228,7.68045711517334,7.612696086976021,7.64657660107468
seq_229,7.69102668762207,7.659208673874859,7.675117680748464
seq_230,7.680182933807373,7.644054087973659,7.662118510890516
seq_231,7.685082912445068,7.636680694195789,7.660881803320429
seq_232,7.745412826538086,7.7164926736545665,7.730952750096327
seq_233,7.721807956695557,7.67360879471217,7.697708375703863
seq_234,7.716886520385742,7.710714862750869,7.713800691568306
seq_235,7.728395938873291,7.698215429458409,7.713305684165849
seq_236,7.68498420715332,7.635723069409608,7.660353638281464
seq_237,7.702701091766357,7.620024699459304,7.661362895612831
seq_238,7.711793899536133,7.654513314327572,7.683153606931852
seq_239,7.757815361022949,7.721675274408556,7.7397453177157525
seq_240,7.689483642578125,7.649827633748243,7.669655638163184
seq_241,7.725341320037842,7.696151898802897,7.71074660942037
seq_242,7.70561408996582,7.723894345302481,7.714754217634151
seq_243,7.706687927246094,7.613824942519683,7.660256434882888
seq_244,7.682582855224609,7.700136693458289,7.691359774341449
seq_245,7.688220977783203,7.710983452618409,7.699602215200806
seq_246,7.711989402770996,7.669180959285011,7.690585181028004
seq_247,7.671911716461182,7.697700455645213,7.6848060860531975
seq_248,7.68815803527832,7.681759137543832,7.684958586411076
seq_249,7.731213569641113,7.694345832800431,7.7127797012207715
seq_250,7.708518028259277,7.731992606651453,7.720255317455365
seq_251,7.72015380859375,7.69780484778658,7.708979328190165
seq_252,7.724123477935791,7.696102097851215,7.710112787893503
seq_253,7.676527976989746,7.708258386737954,7.69239318186385
seq_254,7.689957618713379,7.68698161406696,7.68846961639017
seq_255,7.701825141906738,7.7232370302527755,7.712531086079757
seq_256,7.733978271484375,7.752858184919985,7.74341822820218
seq_257,7.685315132141113,7.700546549935158,7.692930841038136
seq_258,7.700926303863525,7.7294068649166565,7.715166584390091
seq_259,7.67916202545166,7.750061649398132,7.714611837424896
seq_260,7.705631732940674,7.700402382565964,7.7030170577533195
seq_261,7.685596466064453,7.708893935927108,7.697245200995781
seq_262,7.66086483001709,7.698110529595512,7.679487679806301
seq_263,7.71603536605835,7.7196524069852295,7.7178438865217895
seq_264,7.7151899337768555,7.739309625025364,7.7272497794011095
seq_265,7.705122947692871,7.720588098031489,7.71285552286218
seq_266,7.74538516998291,7.7207740128829965,7.733079591432953
seq_267,7.734334945678711,7.604896385874743,7.6696156657767265
seq_268,7.706864833831787,7.691163256211198,7.699014045021492
seq_269,7.706080436706543,7.699224875702502,7.702652656204522
seq_270,7.722454071044922,7.6471085851466265,7.684781328095774
seq_271,7.7192792892456055,7.744623940086111,7.731951614665858
seq_272,7.762362480163574,7.706440997166396,7.734401738664985
seq_273,7.734562873840332,7.690691953992969,7.712627413916651
seq_274,7.729841232299805,7.747566255785005,7.738703744042405
seq_275,7.735653877258301,7.644400461580135,7.690027169419218
seq_276,7.771726608276367,7.728216281422169,7.749971444849268
seq_277,7.76430606842041,7.757408328090833,7.760857198255621
seq_278,7.734078407287598,7.701917440230687,7.7179979237591425
seq_279,7.7871994972229,7.747341078596403,7.767270287909652
seq_280,7.788834571838379,7.689026352976609,7.7389304624074935
seq_281,7.74420690536499,7.725355128976586,7.734781017170788
seq_282,7.765046119689941,7.745843814841198,7.75544496726557
seq_283,7.744915008544922,7.728308588319879,7.736611798432401
seq_284,7.741447925567627,7.720110464926494,7.73077919524706
seq_285,7.762404441833496,7.734131810000837,7.748268125917166
seq_286,7.8041534423828125,7.75300439994629,7.778578921164551
seq_287,7.783677577972412,7.770325162386785,7.777001370179598
seq_288,7.803481101989746,7.81954150644217,7.8115113042159585
seq_289,7.768949031829834,7.735234484456303,7.752091758143068
seq_290,7.776716232299805,7.748212704221155,7.76246446826048
seq_291,7.74724006652832,7.740956289258539,7.744098177893429
seq_292,7.723338603973389,7.6567335139112345,7.690036058942312
seq_293,7.760394096374512,7.762676022413543,7.761535059394028
seq_294,7.736904144287109,7.669338609107115,7.703121376697112
seq_295,7.736856460571289,7.745843741342211,7.74135010095675
seq_296,7.73284912109375,7.749588142023005,7.741218631558377
seq_297,7.741024971008301,7.715810930218685,7.728417950613492
seq_298,7.769024848937988,7.778146886231809,7.773585867584899
seq_299,7.785829544067383,7.709104396081091,7.747466970074237
seq_300,7.751197814941406,7.729405878359442,7.740301846650424
seq_301,7.760646820068359,7.739653218903321,7.75015001948584
seq_302,7.700578689575195,7.624439435734233,7.662509062654714
seq_303,7.682925224304199,7.543234251322242,7.613079737813221
seq_304,7.702038764953613,7.582122453080283,7.642080609016948
seq_305,7.683681488037109,7.592945615165862,7.6383135516014855
seq_306,7.6824727058410645,7.586484028008517,7.634478366924791
seq_307,7.6968207359313965,7.623807835793542,7.660314285862469
seq_308,7.733768939971924,7.635756494739738,7.684762717355831
seq_309,7.6855621337890625,7.6030442211912845,7.6443031774901735
seq_310,7.74322509765625,7.696404201807578,7.719814649731914
seq_311,7.672062397003174,7.594430669425112,7.633246533214143
seq_312,7.699972629547119,7.61552713350791,7.657749881527515
seq_313,7.712488174438477,7.611007089529618,7.661747631984047
seq_314,7.727820873260498,7.62866976265293,7.678245317956714
seq_315,7.712338924407959,7.640343754332186,7.676341339370072
seq_316,7.741744041442871,7.7296253082633655,7.735684674853118
seq_317,7.693049430847168,7.648556664806664,7.670803047826916
seq_318,7.750414848327637,7.6925919355296575,7.721503391928647
seq_319,7.719383239746094,7.694938541212359,7.707160890479226
seq_320,7.678919792175293,7.65520256453481,7.667061178355052
seq_321,7.747381687164307,7.711122652108824,7.729252169636565
seq_322,7.738349437713623,7.715197420519079,7.726773429116351
seq_323,7.7104010581970215,7.694138802437827,7.702269930317424
seq_324,7.740490913391113,7.726794606119788,7.733642759755451
seq_325,7.698738098144531,7.697557690717231,7.698147894430881
seq_326,7.7219157218933105,7.7024148292126,7.712165275552955
seq_327,7.765563011169434,7.728332829549533,7.746947920359483
seq_328,7.715425968170166,7.654985301721924,7.685205634946045
seq_329,7.695984840393066,7.69319247434717,7.694588657370119
seq_330,7.66417121887207,7.59160249395889,7.62788685641548
seq_331,7.694337844848633,7.700945278365167,7.6976415616069005
seq_332,7.695013523101807,7.678418133357441,7.686715828229624
seq_333,7.771632194519043,7.765778529138499,7.768705361828771
seq_334,7.7469940185546875,7.747394128309806,7.747194073432247
seq_335,7.728122234344482,7.648678283507506,7.688400258925994
seq_336,7.721191883087158,7.760309603367437,7.740750743227298
seq_337,7.799544334411621,7.677928476318257,7.738736405364939
seq_338,7.714173793792725,7.644290272529663,7.679232033161194
seq_339,7.6829681396484375,7.694875085998909,7.688921612823673
seq_340,7.721424579620361,7.636953471969347,7.679189025794854
seq_341,7.720120906829834,7.653519873438944,7.686820390134389
seq_342,7.759881019592285,7.746061161288984,7.752971090440635
seq_343,7.721147537231445,7.740468250183313,7.730807893707379
seq_344,7.729373931884766,7.72932638406075,7.729350157972758
seq_345,7.741408824920654,7.732087478884356,7.736748151902505
seq_346,7.7097344398498535,7.71298634405192,7.711360391950887
seq_347,7.7672271728515625,7.722872892847603,7.745050032849583
seq_348,7.761553764343262,7.732933335088113,7.747243549715687
seq_349,7.744936466217041,7.7175033386827625,7.731219902449902
seq_350,7.745556831359863,7.736019290587883,7.740788060973873
seq_351,7.693675518035889,7.683130706384883,7.688403112210386
seq_352,7.72595739364624,7.832551806920819,7.779254600283529
seq_353,7.735447883605957,7.87671641701261,7.806082150309283
seq_354,7.752306938171387,7.698577695535232,7.725442316853309
seq_355,7.691605567932129,7.705036785758345,7.698321176845237
seq_356,7.8125901222229,7.602773368497628,7.707681745360264
seq_357,7.762164115905762,7.691943217488949,7.727053666697355
seq_358,7.699460029602051,7.68014050696084,7.689800268281445
seq_359,7.7471923828125,7.6751022267206785,7.711147304766589
seq_360,7.753053665161133,7.714693334768521,7.733873499964827
seq_361,7.768553256988525,7.76355792072648,7.766055588857503
seq_362,7.779824256896973,7.697451019718831,7.738637638307901
seq_363,7.76389217376709,7.7725796133352105,7.76823589355115
seq_364,7.73438835144043,7.743568434295078,7.738978392867754
seq_365,7.733761787414551,7.74098288835671,7.73737233788563
seq_366,7.700413703918457,7.664923311039589,7.682668507479023
seq_367,7.6990885734558105,7.619351727048041,7.659220150251926
seq_368,7.7239203453063965,7.750620321290397,7.7372703332983965
seq_369,7.731367111206055,7.7263288072784615,7.728847959242258
seq_370,7.669346332550049,7.62881774209772,7.649082037323884
seq_371,7.772470474243164,7.731800315811805,7.7521353950274845
seq_372,7.721372604370117,7.696509935619964,7.708941269995041
seq_373,7.768085479736328,7.656052025672452,7.71206875270439
seq_374,7.778427600860596,7.678591915238075,7.728509758049335
seq_375,7.735988616943359,7.727535105221627,7.731761861082493
seq_376,7.767759323120117,7.7179342541893945,7.742846788654756
seq_377,7.758658409118652,7.698173215645069,7.7284158123818605
seq_378,7.7532734870910645,7.63735438715607,7.695313937123567
seq_379,7.750771522521973,7.648478469934311,7.699624996228142
seq_380,7.786525249481201,7.718407965243266,7.7524666073622335
seq_381,7.724381446838379,7.7297213148382635,7.727051380838321
seq_382,7.714192867279053,7.68458467479908,7.699388771039066
seq_383,7.707295894622803,7.6506996206796805,7.678997757651242
seq_384,7.704285621643066,7.645564492727701,7.6749250571853835
seq_385,7.668193817138672,7.695455629539604,7.681824723339139
seq_386,7.751490592956543,7.690649217558476,7.72106990525751
seq_387,7.722828388214111,7.618905050191525,7.670866719202818
seq_388,7.7534637451171875,7.688088226425807,7.720775985771497
seq_389,7.757026195526123,7.685255755194083,7.721140975360103
seq_390,7.722559928894043,7.68312320144215,7.702841565168097
seq_391,7.764270782470703,7.7090161125260535,7.736643447498379
seq_392,7.743196487426758,7.709513198376008,7.726354842901383
seq_393,7.736913204193115,7.671297890333337,7.704105547263226
seq_394,7.748084545135498,7.709202720374746,7.728643632755122
seq_395,7.709918975830078,7.655244645436706,7.682581810633392
seq_396,7.748013496398926,7.677267235995892,7.712640366197409
seq_397,7.781649589538574,7.72640929713843,7.754029443338502
seq_398,7.743713855743408,7.679243563812921,7.711478709778165
seq_399,7.760992050170898,7.6997765137519005,7.730384281961399
seq_400,7.747769832611084,7.693957570641778,7.720863701626431
seq_401,7.739367485046387,7.665767935828373,7.70256771043738
seq_402,7.75687837600708,7.708678054473507,7.732778215240294
seq_403,7.753530979156494,7.7005831735577015,7.727057076357098
seq_404,7.750829219818115,7.6748068274736685,7.712818023645892
seq_405,7.740724563598633,7.714518398285983,7.727621480942307
seq_406,7.7643537521362305,7.699698835418797,7.732026293777514
seq_407,7.753201007843018,7.640310464438643,7.69675573614083
seq_408,7.742086410522461,7.683551154133561,7.712818782328011
seq_409,7.738380432128906,7.635014665328056,7.686697548728481
seq_410,7.748374938964844,7.65683946102296,7.702607199993902
seq_411,7.779511451721191,7.741658950768605,7.760585201244899
seq_412,7.766017913818359,7.665925376844505,7.715971645331432
seq_413,7.75474214553833,7.700900839047732,7.727821492293031
seq_414,7.739555358886719,7.725890706906405,7.732723032896562
seq_415,7.719606399536133,7.684531987759563,7.702069193647848
seq_416,7.770581245422363,7.778637333124321,7.774609289273342
seq_417,7.750858306884766,7.789424938375622,7.770141622630193
seq_418,7.761406421661377,7.706673334289283,7.73403987797533
seq_419,7.718130111694336,7.727329442567516,7.722729777130926
seq_420,7.809381008148193,7.682149086254828,7.745765047201511
seq_421,7.735286235809326,7.692314811025243,7.713800523417285
seq_422,7.702723026275635,7.683530517809114,7.693126772042374
seq_423,7.727939605712891,7.684081776621932,7.706010691167411
seq_424,7.742091655731201,7.702842170036618,7.72246691288391
seq_425,7.769349098205566,7.753516132998442,7.761432615602004
seq_426,7.753128528594971,7.7117039369448275,7.732416232769899
seq_427,7.736357688903809,7.727391164066153,7.73187442648498
seq_428,7.686870574951172,7.67268240776254,7.679776491356856
seq_429,7.797602653503418,7.86626875737076,7.831935705437089
seq_430,7.7874627113342285,7.878120414511172,7.832791562922701
seq_431,7.722770690917969,7.689644989944316,7.7062078404311425
seq_432,7.750442981719971,7.778979007921954,7.7647109948209625
seq_433,7.759751319885254,7.6495250209031145,7.704638170394184
seq_434,7.714756488800049,7.649151900575269,7.681954194687659
seq_435,7.675688743591309,7.685878719390889,7.680783731491099
seq_436,7.709027290344238,7.642934819831295,7.6759810550877665
seq_437,7.731014728546143,7.691902438028899,7.711458583287521
seq_438,7.756503582000732,7.768324996574797,7.762414289287765
seq_439,7.738185882568359,7.748292818728547,7.743239350648453
seq_440,7.698273658752441,7.672459215193838,7.68536643697314
seq_441,7.825746536254883,7.801914025596531,7.813830280925707
seq_442,7.8021979331970215,7.819963364348034,7.811080648772528
seq_443,7.762328147888184,7.711197457107783,7.736762802497983
seq_444,7.738951683044434,7.736394030906386,7.73767285697541
seq_445,7.843291282653809,7.679007343771803,7.761149313212806
seq_446,7.752710342407227,7.68736608370706,7.720038213057143
seq_447,7.70564079284668,7.705550892394131,7.705595842620405
seq_448,7.755730152130127,7.685281380408718,7.720505766269422
seq_449,7.764822006225586,7.714967925750873,7.7398949659882295
seq_450,7.769251346588135,7.759743334874928,7.764497340731531
seq_451,7.77977180480957,7.71132210705774,7.745546955933655
seq_452,7.78939151763916,7.774154385919262,7.781772951779211
seq_453,7.793547630310059,7.798873881435863,7.796210755872961
seq_454,7.761992454528809,7.753134784592817,7.757563619560813
seq_455,7.69183349609375,7.676924743655092,7.684379119874421
seq_456,7.765402793884277,7.747890095413792,7.756646444649035
seq_457,7.745596885681152,7.72488519756649,7.735241041623821
seq_458,7.736477851867676,7.741645897838953,7.739061874853315
seq_459,7.758372783660889,7.721920713771076,7.740146748715983
seq_460,7.7591753005981445,7.722518740154091,7.740847020376117
seq_461,7.7106428146362305,7.76695272008647,7.73879776736135
seq_462,7.684666156768799,7.642244245708503,7.663455201238651
seq_463,7.717752933502197,7.7450241039232,7.7313885187126985
seq_464,7.731645584106445,7.73909568647905,7.735370635292748
seq_465,7.719456672668457,7.722383498125276,7.720920085396866
seq_466,7.751209259033203,7.748147182098805,7.749678220566004
seq_467,7.738600730895996,7.731641683761856,7.735121207328926
seq_468,7.717690467834473,7.689300695520474,7.7034955816774735
seq_469,7.730093479156494,7.723759012629518,7.726926245893006
seq_470,7.7420477867126465,7.75372273541722,7.747885261064933
seq_471,7.746116638183594,7.740699668242111,7.743408153212853
seq_472,7.757076740264893,7.768654362162103,7.762865551213498
seq_473,7.753019332885742,7.73129327929551,7.742156306090626
seq_474,7.779095649719238,7.7711996598004545,7.775147654759847
seq_475,7.742978096008301,7.733339919341248,7.738159007674774
seq_476,7.739986419677734,7.7269985181439385,7.733492468910836
seq_477,7.722532749176025,7.75155691262973,7.737044830902878
seq_478,7.732051849365234,7.733305167294496,7.732678508329865
seq_479,7.759321689605713,7.768460981779512,7.7638913356926125
seq_480,7.789403915405273,7.80504178000533,7.797222847705301
seq_481,7.7538957595825195,7.733926480262537,7.743911119922528
seq_482,7.740201950073242,7.740521610529056,7.740361780301149
seq_483,7.758481979370117,7.734420215093272,7.746451097231695
seq_484,7.742854118347168,7.723333093360836,7.733093605854002
seq_485,7.72683048248291,7.679920710579812,7.703375596531361
seq_486,7.748715877532959,7.717894914462697,7.733305395997828
seq_487,7.751467704772949,7.74665152531302,7.7490596150429845
seq_488,7.713131904602051,7.6781319090005855,7.695631906801318
seq_489,7.731581687927246,7.728521059954064,7.730051373940655
seq_490,7.720641136169434,7.738679054331421,7.729660095250427
seq_491,7.712812900543213,7.7175701710658355,7.715191535804524
seq_492,7.741142749786377,7.748882441121464,7.74501259545392
seq_493,7.770013332366943,7.685713382125742,7.727863357246343
seq_494,7.733819961547852,7.716699466303385,7.7252597139256185
seq_495,7.706575393676758,7.682678696908713,7.6946270452927354
seq_496,7.739559173583984,7.715670887193095,7.72761503038854
seq_497,7.730587959289551,7.727502376453728,7.729045167871639
seq_498,7.775517463684082,7.762394048340759,7.768955756012421
seq_499,7.771353244781494,7.7584737542170235,7.764913499499259
seq_500,7.778387546539307,7.744943818160818,7.7616656823500625
seq_501,7.77843713760376,7.755929664215646,7.767183400909703
seq_502,7.774540424346924,7.760549230859396,7.76754482760316
seq_503,7.783945560455322,7.766277585420006,7.775111572937664
seq_504,7.779339790344238,7.763612210207484,7.771476000275861
seq_505,7.786579608917236,7.7554319566391525,7.771005782778195
seq_506,7.784621238708496,7.774880152913194,7.779750695810845
seq_507,7.782073497772217,7.757982142228217,7.770027820000217
seq_508,7.786552429199219,7.761758534622228,7.774155481910723
seq_509,7.791621208190918,7.7710585107909385,7.781339859490928
seq_510,7.772610187530518,7.757858369537927,7.765234278534223
seq_511,7.792567253112793,7.7782936487425625,7.785430450927677
seq_512,7.785737037658691,7.809038466606163,7.797387752132427
seq_513,7.7783942222595215,7.760478362321147,7.769436292290335
seq_514,7.780877590179443,7.762271519755962,7.771574554967703
seq_515,7.78176212310791,7.764885379188694,7.773323751148302
seq_516,7.777544975280762,7.755665253199088,7.766605114239924
seq_517,7.712084770202637,7.694779659879581,7.703432215041109
seq_518,7.799612522125244,7.771056403143557,7.785334462634401
seq_519,7.778500080108643,7.7516453519323765,7.7650727160205095
seq_520,7.75715446472168,7.717752210399245,7.737453337560462
seq_521,7.789366722106934,7.766464824021997,7.777915773064466
seq_522,7.79011869430542,7.75245830832511,7.771288501315265
seq_523,7.743537425994873,7.722467919140582,7.733002672567728
seq_524,7.782466411590576,7.77211543116332,7.777290921376948
seq_525,7.755601406097412,7.732821834073619,7.744211620085515
seq_526,7.759164333343506,7.731523801968246,7.745344067655876
seq_527,7.8004302978515625,7.7854428490585,7.792936573455031
seq_528,7.787903308868408,7.737544088372392,7.7627236986204
seq_529,7.792115211486816,7.769085114111244,7.78060016279903
seq_530,7.802684783935547,7.820241152181212,7.811462968058379
seq_531,7.776301860809326,7.754283784177957,7.765292822493642
seq_532,7.771291732788086,7.754822147304697,7.763056940046392
seq_533,7.751212120056152,7.764464057657893,7.757838088857023
seq_534,7.715051651000977,7.716766791216404,7.71590922110869
seq_535,7.791069507598877,7.817175447424372,7.8041224775116245
seq_536,7.762671947479248,7.859412777736006,7.811042362607627
seq_537,7.737115383148193,7.712440589611789,7.724777986379991
seq_538,7.7725629806518555,7.801350229756601,7.786956605204228
seq_539,7.818690299987793,7.595791922195465,7.707241111091629
seq_540,7.750030040740967,7.720284405260562,7.735157223000765
seq_541,7.731893539428711,7.687751214420862,7.7098223769247864
seq_542,7.749207973480225,7.718142418631753,7.733675196055989
seq_543,7.75533390045166,7.733043371675535,7.744188636063598
seq_544,7.777385711669922,7.777602066894373,7.777493889282147
seq_545,7.768673896789551,7.7167150045960415,7.742694450692796
seq_546,7.786253929138184,7.764906496939844,7.775580213039014
seq_547,7.7801971435546875,7.780843786852687,7.780520465203687
seq_548,7.750710487365723,7.76095286697404,7.755831677169882
seq_549,7.754722595214844,7.743132971319435,7.748927783267139
seq_550,7.699075698852539,7.685897346240175,7.692486522546357
seq_551,7.748350620269775,7.761594722644802,7.754972671457288
seq_552,7.732028484344482,7.744081741468095,7.738055112906289
seq_553,7.737858772277832,7.708297426990627,7.723078099634229
seq_554,7.748221397399902,7.745177043534115,7.746699220467009
seq_555,7.749410629272461,7.739255117719494,7.744332873495978
seq_556,7.750321388244629,7.704854215130595,7.727587801687612
seq_557,7.754212379455566,7.7496151607813015,7.751913770118434
seq_558,7.755133628845215,7.702553144951705,7.728843386898459
seq_559,7.7612152099609375,7.729634414587862,7.7454248122744
seq_560,7.7519025802612305,7.76568768505758,7.758795132659405
seq_561,7.722408771514893,7.749814434576294,7.736111603045593
seq_562,7.6576924324035645,7.645214340025809,7.651453386214687
seq_563,7.7364349365234375,7.717112030761383,7.72677348364241
seq_564,7.726221084594727,7.726808832115319,7.726514958355023
seq_565,7.708313941955566,7.724686799182616,7.716500370569092
seq_566,7.724222660064697,7.731406497615008,7.727814578839853
seq_567,7.685883522033691,7.65812156596906,7.6720025440013755
seq_568,7.720688819885254,7.701850858280216,7.7112698390827354
seq_569,7.716833114624023,7.7125483102764605,7.714690712450242
seq_570,7.692622184753418,7.704977779461047,7.698799982107232
seq_571,7.743813514709473,7.7322111188761316,7.738012316792802
seq_572,7.698748588562012,7.705572158289511,7.7021603734257615
seq_573,7.718619346618652,7.710220625428762,7.714419986023707
seq_574,7.71580696105957,7.716366688644212,7.716086824851891
seq_575,7.72138786315918,7.729434714906197,7.725411289032689
seq_576,7.7230658531188965,7.737241493175405,7.730153673147151
seq_577,7.724117279052734,7.7183052296223345,7.721211254337534
seq_578,7.701085567474365,7.736429109457273,7.718757338465819
seq_579,7.725718975067139,7.737719672933897,7.731719324000518
seq_580,7.711184501647949,7.735735070258175,7.723459785953063
seq_581,7.725927352905273,7.72564142949059,7.725784391197932
seq_582,7.729266166687012,7.727849538820669,7.72855785275384
seq_583,7.756371974945068,7.736834502595677,7.746603238770373
seq_584,7.715770721435547,7.698086274337348,7.706928497886448
seq_585,7.740013599395752,7.727955049488468,7.73398432444211
seq_586,7.7347211837768555,7.7544668887971815,7.744594036287019
seq_587,7.728515625,7.7096563184096585,7.719085971704829
seq_588,7.743628025054932,7.743027838458003,7.743327931756467
seq_589,7.759413719177246,7.694232394380434,7.72682305677884
seq_590,7.740145683288574,7.723684920575382,7.731915301931978
seq_591,7.734745025634766,7.710473073281179,7.722609049457972
seq_592,7.727937698364258,7.712077469684406,7.720007584024332
seq_593,7.728940486907959,7.702549331687216,7.715744909297587
seq_594,7.758549690246582,7.738595851456358,7.74857277085147
seq_595,7.751631259918213,7.717495487054605,7.734563373486409
seq_596,7.767239093780518,7.742529675155312,7.754884384467915
seq_597,7.749168395996094,7.683708104790984,7.716438250393539
seq_598,7.752292633056641,7.7218863087050496,7.737089470880845
seq_599,7.742454528808594,7.723638731084443,7.733046629946518
seq_600,7.738828659057617,7.721471786944335,7.730150223000976
seq_601,7.763942241668701,7.751111675363219,7.75752695851596
seq_602,7.764711380004883,7.741198838306813,7.752955109155848
seq_603,7.738802909851074,7.709872459600547,7.7243376847258105
seq_604,7.756600379943848,7.738220638466725,7.747410509205286
seq_605,7.751999378204346,7.756698139623843,7.7543487589140945
seq_606,7.752188682556152,7.719936495485597,7.736062589020875
seq_607,7.77387809753418,7.749597623168514,7.761737860351347
seq_608,7.766445159912109,7.7211908863845355,7.7438180231483225
seq_609,7.759696960449219,7.727639815945317,7.743668388197268
seq_610,7.799979209899902,7.738986089936088,7.769482649917995
seq_611,7.750977039337158,7.707709839292105,7.729343439314631
seq_612,7.820584297180176,7.722742525071478,7.771663411125827
seq_613,7.7755255699157715,7.725469307250067,7.750497438582919
seq_614,7.763885498046875,7.728998813046734,7.746442155546804
seq_615,7.81978702545166,7.738364152371217,7.7790755889114385
seq_616,7.7807722091674805,7.735300682964696,7.758036446066088
seq_617,7.77871036529541,7.731719431801829,7.755214898548619
seq_618,7.790785789489746,7.748891957142356,7.769838873316051
seq_619,7.779599189758301,7.72265769967755,7.751128444717925
seq_620,7.774201393127441,7.72394947779889,7.7490754354631655
seq_621,7.816591739654541,7.742850511381165,7.779721125517852
seq_622,7.7858805656433105,7.71801779284336,7.7519491792433355
seq_623,7.805327892303467,7.732847769096431,7.769087830699949
seq_624,7.794524192810059,7.771633554756752,7.783078873783405
seq_625,7.785431861877441,7.722817986409106,7.754124924143274
seq_626,7.792813301086426,7.736131702168766,7.764472501627596
seq_627,7.779590606689453,7.7392488171223395,7.759419711905896
seq_628,7.759348392486572,7.682030369355971,7.7206893809212715
seq_629,7.771438121795654,7.734502486208516,7.752970304002085
seq_630,7.7470479011535645,7.663970336159469,7.705509118656517
seq_631,7.761303901672363,7.786462948778638,7.773883425225501
seq_632,7.751058578491211,7.805309161730554,7.778183870110882
seq_633,7.732902526855469,7.731019592673622,7.731961059764545
seq_634,7.792721748352051,7.7596583514373005,7.776190049894676
seq_635,7.772377967834473,7.657104166056833,7.714741066945653
seq_636,7.734933376312256,7.6928502011454185,7.713891788728837
seq_637,7.710033893585205,7.705563723786179,7.707798808685692
seq_638,7.720639705657959,7.706040884979389,7.713340295318674
seq_639,7.7447309494018555,7.713168585393643,7.728949767397749
seq_640,7.7527360916137695,7.742280586949246,7.747508339281508
seq_641,7.795217514038086,7.713024544133116,7.754121029085601
seq_642,7.766709804534912,7.751066381070046,7.758888092802479
seq_643,7.77463436126709,7.763479385210733,7.769056873238911
seq_644,7.7272539138793945,7.726499610352713,7.726876762116054
seq_645,7.7522501945495605,7.720799805329846,7.736524999939704
seq_646,7.747411251068115,7.730707151110979,7.739059201089547
seq_647,7.734360218048096,7.719747466950222,7.727053842499159
seq_648,7.719461441040039,7.715217019871183,7.717339230455611
seq_649,7.694803237915039,7.693034866857477,7.693919052386258
seq_650,7.746255874633789,7.736168839471846,7.7412123570528175
seq_651,7.749617576599121,7.728966513102011,7.739292044850567
seq_652,7.744836807250977,7.71358415070873,7.729210478979853
seq_653,7.7375078201293945,7.710260260218427,7.72388404017391
seq_654,7.749473571777344,7.7379789224067075,7.743726247092026
seq_655,7.769600868225098,7.730802767587093,7.750201817906095
seq_656,7.80045223236084,7.734644652318045,7.767548442339443
seq_657,7.7900285720825195,7.742747785621983,7.766388178852251
seq_658,7.760818958282471,7.71662327633033,7.738721117306401
seq_659,7.792649269104004,7.7587736528118505,7.775711460957927
seq_660,7.836572170257568,7.7118764677103115,7.77422431898394
seq_661,7.728603839874268,7.697787211756889,7.713195525815578
seq_662,7.739382743835449,7.717009556375192,7.728196150105321
seq_663,7.710150718688965,7.702282130068722,7.706216424378844
seq_664,7.767041206359863,7.698126308317624,7.732583757338744
seq_665,7.801098346710205,7.744727295811334,7.772912821260769
seq_666,7.804856300354004,7.747246721099145,7.776051510726575
seq_667,7.770451068878174,7.745579207130888,7.758015138004531
seq_668,7.811644077301025,7.821639805783236,7.81664194154213
seq_669,7.791269779205322,7.738476875168393,7.764873327186858
seq_670,7.779461860656738,7.754747981782325,7.7671049212195316
seq_671,7.772733688354492,7.764518910015632,7.768626299185062
seq_672,7.801380634307861,7.7482561266510706,7.774818380479466
seq_673,7.789979457855225,7.744570803695662,7.7672751307754435
seq_674,7.731987953186035,7.7331111451158385,7.732549549150937
seq_675,7.80113410949707,7.772176605264294,7.786655357380682
seq_676,7.814877986907959,7.784593795233519,7.799735891070739
seq_677,7.735484600067139,7.737767563292293,7.736626081679716
seq_678,7.777044296264648,7.8060249647681434,7.791534630516396
seq_679,7.718967437744141,7.733237074223517,7.726102255983829
seq_680,7.773492813110352,7.727312304977346,7.750402559043849
seq_681,7.776646137237549,7.719206194847399,7.747926166042474
seq_682,7.737934112548828,7.706195569880592,7.72206484121471
seq_683,7.7306060791015625,7.710462595662259,7.720534337381911
seq_684,7.750756740570068,7.718307776451561,7.734532258510814
seq_685,7.763430118560791,7.749638375104305,7.7565342468325476
seq_686,7.789130210876465,7.716021107478893,7.752575659177679
seq_687,7.76944637298584,7.701717876673856,7.735582124829848
seq_688,7.701425075531006,7.733627614833006,7.717526345182006
seq_689,7.759530067443848,7.703515020494623,7.731522543969236
seq_690,7.761864185333252,7.727211484261525,7.744537834797388
seq_691,7.7532525062561035,7.7397381360182305,7.746495321137167
seq_692,7.786913871765137,7.760523310652419,7.7737185912087785
seq_693,7.752956390380859,7.727751686105854,7.740354038243357
seq_694,7.753221035003662,7.796144773237088,7.774682904120375
seq_695,7.765073299407959,7.756778650764502,7.760925975086231
seq_696,7.743598937988281,7.75491266046384,7.749255799226061
seq_697,7.763495445251465,7.818979988676491,7.791237716963978
seq_698,7.755647659301758,7.797182003619002,7.7764148314603805
seq_699,7.761445045471191,7.734246084890568,7.74784556518088
seq_700,7.794222831726074,7.82714042892203,7.810681630324052
seq_701,7.780448913574219,7.7948080109282,7.7876284622512095
seq_702,7.740876197814941,7.7245157720616575,7.7326959849382995
seq_703,7.757412910461426,7.8250370341006175,7.791224972281022
seq_704,7.755123138427734,7.751109729619843,7.753116434023789
seq_705,7.7649383544921875,7.734468789070812,7.7497035717815
seq_706,7.774860382080078,7.751682420991612,7.763271401535845
seq_707,7.71742057800293,7.743313565930192,7.730367071966561
seq_708,7.7814788818359375,7.730994339943594,7.756236610889766
seq_709,7.730186462402344,7.776820360430824,7.753503411416584
seq_710,7.812452793121338,7.703126220007365,7.757789506564352
seq_711,7.799321174621582,7.710995445419382,7.755158310020482
seq_712,7.762570858001709,7.746833310761546,7.754702084381627
seq_713,7.744600296020508,7.757558345162242,7.751079320591375
seq_714,7.752164840698242,7.757605565370108,7.754885203034175
seq_715,7.740995407104492,7.740800078200977,7.740897742652734
seq_716,7.734384536743164,7.7032421808957565,7.71881335881946
seq_717,7.771389961242676,7.781293434378916,7.776341697810796
seq_718,7.767263412475586,7.744244123628095,7.75575376805184
seq_719,7.7426581382751465,7.705593561586645,7.724125849930896
seq_720,7.751728057861328,7.749145330555869,7.750436694208599
seq_721,7.745014190673828,7.704576422457784,7.724795306565806
seq_722,7.748682975769043,7.695773281608368,7.722228128688705
seq_723,7.755506992340088,7.762479850692534,7.758993421516311
seq_724,7.820314884185791,7.775945856885901,7.798130370535846
seq_725,7.765161514282227,7.749586857569458,7.757374185925842
seq_726,7.788908004760742,7.783452081478621,7.786180043119682
seq_727,7.759112358093262,7.758583817041211,7.7588480875672365
seq_728,7.76421594619751,7.76086049956071,7.76253822287911
seq_729,7.71364164352417,7.715726156441096,7.714683899982633
seq_730,7.679192543029785,7.679426242003083,7.6793093925164335
seq_731,7.761649131774902,7.719330188864555,7.740489660319729
seq_732,7.72066068649292,7.706472162301384,7.713566424397152
seq_733,7.741459846496582,7.778074162603106,7.759767004549844
seq_734,7.719637393951416,7.782134309539123,7.75088585174527
seq_735,7.743111610412598,7.690200338150037,7.716655974281317
seq_736,7.7533392906188965,7.76338590946987,7.758362600044383
seq_737,7.787158966064453,7.654348017666546,7.7207534918655
seq_738,7.748106479644775,7.678087818077837,7.713097148861307
seq_739,7.713784217834473,7.674311088538567,7.694047653186519
seq_740,7.729982376098633,7.67376946572495,7.7018759209117915
seq_741,7.732218265533447,7.670222160879479,7.701220213206463
seq_742,7.724402904510498,7.722019413746244,7.723211159128371
seq_743,7.790788650512695,7.739691311185005,7.76523998084885
seq_744,7.7593278884887695,7.715632173494872,7.73748003099182
seq_745,7.748540878295898,7.734542424560676,7.741541651428287
seq_746,7.748540878295898,7.734542424560676,7.741541651428287
seq_747,7.736483573913574,7.718274935676609,7.727379254795092
seq_748,7.750906944274902,7.716186104514961,7.7335465243949315
seq_749,7.765678882598877,7.706277638992223,7.73597826079555
seq_750,7.760149955749512,7.699254239720077,7.729702097734794
seq_751,7.753144264221191,7.70497909605238,7.729061680136786
seq_752,7.745096206665039,7.7742003176385435,7.759648262151791
seq_753,7.720088958740234,7.645642733779569,7.682865846259902
seq_754,7.764675617218018,7.767217093027357,7.765946355122687
seq_755,7.748388290405273,7.630934980800806,7.68966163560304
seq_756,7.697046756744385,7.63435694957756,7.665701853160972
seq_757,7.725538730621338,7.70791861838258,7.716728674501959
seq_758,7.7119598388671875,7.626373076931943,7.669166457899565
seq_759,7.702200889587402,7.660750206768137,7.68147554817777
seq_760,7.750971794128418,7.697779749810273,7.7243757719693455
seq_761,7.791533470153809,7.743707982460881,7.767620726307345
seq_762,7.758028984069824,7.719083608918353,7.738556296494089
seq_763,7.770045757293701,7.747788065591193,7.758916911442447
seq_764,7.739132881164551,7.705267552664877,7.722200216914714
seq_765,7.749812602996826,7.6976155418265275,7.723714072411677
seq_766,7.711310386657715,7.664377928160967,7.687844157409341
seq_767,7.7384033203125,7.672372778245215,7.705388049278858
seq_768,7.723211765289307,7.660581617955035,7.691896691622171
seq_769,7.746092796325684,7.693707032450405,7.719899914388044
seq_770,7.746335983276367,7.733227563524339,7.7397817734003524
seq_771,7.777303695678711,7.71231341879912,7.744808557238915
seq_772,7.796794891357422,7.732992087700572,7.764893489528997
seq_773,7.7897138595581055,7.757093448585582,7.773403654071844
seq_774,7.774322509765625,7.784179639158623,7.779251074462124
seq_775,7.767970085144043,7.7197589537498805,7.743864519446962
seq_776,7.775231838226318,7.753576476058413,7.764404157142366
seq_777,7.739763259887695,7.752375618233705,7.7460694390607
seq_778,7.761189937591553,7.7494578311508135,7.755323884371183
seq_779,7.791164875030518,7.7260289143376095,7.7585968946840635
seq_780,7.774080276489258,7.710030579637142,7.7420554280632
seq_781,7.794608116149902,7.7478378298175326,7.7712229729837174
seq_782,7.755248069763184,7.739551224989333,7.747399647376258
seq_783,7.771920204162598,7.810695421453963,7.791307812808281
seq_784,7.824771404266357,7.854608616747251,7.839690010506804
seq_785,7.773446083068848,7.8049859576170295,7.789216020342939
seq_786,7.768927574157715,7.834553643464524,7.801740608811119
seq_787,7.779760837554932,7.800501615208746,7.790131226381838
seq_788,7.784624099731445,7.786618679767262,7.785621389749354
seq_789,7.7512102127075195,7.746068689686508,7.748639451197014
seq_790,7.785145282745361,7.722210941614455,7.753678112179909
seq_791,7.774176120758057,7.760308597155568,7.767242358956812
seq_792,7.759040355682373,7.726746035442826,7.7428931955625995
seq_793,7.783035755157471,7.714016045147085,7.748525900152278
seq_794,7.757676601409912,7.724892427011218,7.741284514210565
seq_795,7.766319751739502,7.742866826539833,7.754593289139668
seq_796,7.720679759979248,7.720759748808495,7.720719754393872
seq_797,7.760834693908691,7.726181634626965,7.743508164267828
seq_798,7.738306999206543,7.72369190133067,7.730999450268607
seq_799,7.686938762664795,7.697562018631315,7.692250390648055
seq_800,7.778611183166504,7.771812988372639,7.775212085769571
seq_801,7.752645492553711,7.723133345056105,7.737889418804908
seq_802,7.683237075805664,7.6991105857995485,7.691173830802606
seq_803,7.723691463470459,7.766522758718307,7.7451071110943825
seq_804,7.691237926483154,7.704231557838948,7.697734742161051
seq_805,7.70542049407959,7.708822948936547,7.707121721508068
seq_806,7.752631664276123,7.753916951075593,7.7532743076758575
seq_807,7.80181360244751,7.782173729327908,7.791993665887709
seq_808,7.749901294708252,7.75830702395214,7.754104159330196
seq_809,7.741024971008301,7.8101919440494045,7.775608457528852
seq_810,7.763941764831543,7.758222350801315,7.761082057816429
seq_811,7.751198768615723,7.746964862015128,7.749081815315425
seq_812,7.705161094665527,7.720213542851681,7.712687318758604
seq_813,7.70191764831543,7.683434597035086,7.692676122675258
seq_814,7.696009159088135,7.70742746843413,7.701718313761132
seq_815,7.789433479309082,7.773373643539722,7.781403561424402
seq_816,7.828238487243652,7.801795778153361,7.8150171326985065
seq_817,7.796449661254883,7.787815232814424,7.792132447034653
seq_818,7.789242744445801,7.828596063321564,7.808919403883682
seq_819,7.796594619750977,7.7860215501943095,7.791308084972643
seq_820,7.79680061340332,7.7863507868306545,7.791575700116987
seq_821,7.769184589385986,7.764086833651673,7.76663571151883
seq_822,7.718658924102783,7.732468197481788,7.725563560792286
seq_823,7.758371829986572,7.771875254089744,7.7651235420381575
seq_824,7.759411811828613,7.727286677994406,7.74334924491151
seq_825,7.7661848068237305,7.7254097274160864,7.745797267119908
seq_826,7.790742874145508,7.745447516930382,7.768095195537945
seq_827,7.747154235839844,7.69718278839408,7.722168512116962
seq_828,7.790724754333496,7.7193060908352695,7.755015422584383
seq_829,7.759091854095459,7.738175247779417,7.748633550937438
seq_830,7.692866325378418,7.706578519754348,7.699722422566383
seq_831,7.735906600952148,7.741616096117662,7.738761348534905
seq_832,7.7888078689575195,7.700727948171265,7.744767908564392
seq_833,7.704473495483398,7.704158925887581,7.70431621068549
seq_834,7.696755409240723,7.695548125030031,7.696151767135377
seq_835,7.681082725524902,7.70077930961657,7.690931017570737
seq_836,7.715240955352783,7.714845807188288,7.715043381270536
seq_837,7.761571884155273,7.71848245088424,7.740027167519757
seq_838,7.7564287185668945,7.717127941130765,7.73677832984883
seq_839,7.716029167175293,7.740258841313374,7.728144004244333
seq_840,7.754193305969238,7.786944775427939,7.770569040698589
seq_841,7.752564907073975,7.722455230473891,7.737510068773933
seq_842,7.721508979797363,7.724119697607892,7.722814338702628
seq_843,7.719405174255371,7.729402089857977,7.724403632056674
seq_844,7.702033996582031,7.696871020501693,7.699452508541862
seq_845,7.732700824737549,7.730400881676335,7.731550853206942
seq_846,7.749114036560059,7.7462719023910935,7.747692969475576
seq_847,7.746478080749512,7.7322227189268435,7.739350399838178
seq_848,7.758943557739258,7.7385825100329555,7.748763033886107
seq_849,7.746138095855713,7.723581726997931,7.734859911426822
seq_850,7.755221366882324,7.720867887073321,7.738044626977823
seq_851,7.748068809509277,7.713559911642555,7.730814360575916
seq_852,7.730247974395752,7.745627162969845,7.737937568682799
seq_853,7.747210502624512,7.766892622727415,7.757051562675963
seq_854,7.739847183227539,7.733994111113022,7.7369206471702805
seq_855,7.7542290687561035,7.779414793436423,7.766821931096263
seq_856,7.732561111450195,7.743401418402222,7.7379812649262085
seq_857,7.746698379516602,7.7515977525620166,7.749148066039309
seq_858,7.762683868408203,7.752012966801713,7.757348417604958
seq_859,7.760589599609375,7.69489496517028,7.727742282389828
seq_860,7.768554210662842,7.766942955426585,7.767748583044714
seq_861,7.733329772949219,7.72293249999448,7.728131136471849
seq_862,7.749893665313721,7.739838647844299,7.744866156579009
seq_863,7.728214263916016,7.71755691862238,7.722885591269198
seq_864,7.745614051818848,7.729387182516046,7.737500617167447
seq_865,7.7178544998168945,7.718790516828783,7.718322508322839
seq_866,7.748358726501465,7.724203924682122,7.7362813255917935
seq_867,7.731233596801758,7.723718837733951,7.727476217267855
seq_868,7.748814582824707,7.755007191320569,7.751910887072638
seq_869,7.704095840454102,7.704604622663664,7.704350231558883
seq_870,7.7343902587890625,7.737799853858299,7.7360950563236806
seq_871,7.749786376953125,7.745560246110072,7.7476733115315986
seq_872,7.745274066925049,7.718532176313861,7.731903121619455
seq_873,7.741927146911621,7.745857834836426,7.743892490874023
seq_874,7.725728988647461,7.661516836737992,7.693622912692726
seq_875,7.762411117553711,7.733656684399003,7.748033900976357
seq_876,7.752004623413086,7.734038678116146,7.743021650764616
seq_877,7.716480731964111,7.717821206600218,7.717150969282164
seq_878,7.764800071716309,7.74770250356614,7.756251287641224
seq_879,7.727486610412598,7.737035128401727,7.732260869407162
seq_880,7.734237194061279,7.726324359729134,7.730280776895206
seq_881,7.733254909515381,7.73370276339819,7.7334788364567855
seq_882,7.720956802368164,7.715606359679065,7.718281581023614
seq_883,7.7224836349487305,7.702795575503027,7.7126396052258785
seq_884,7.718172550201416,7.742422755546384,7.7302976528739
seq_885,7.735391616821289,7.7570438976833795,7.746217757252334
seq_886,7.740307331085205,7.737454339162766,7.738880835123986
seq_887,7.762535095214844,7.770002721689217,7.76626890845203
seq_888,7.731208801269531,7.730736790173458,7.730972795721494
seq_889,7.72554349899292,7.738940359791918,7.732241929392419
seq_890,7.744667053222656,7.738868250064776,7.741767651643716
seq_891,7.723366737365723,7.683506505600481,7.703436621483101
seq_892,7.72457218170166,7.736557480657066,7.730564831179363
seq_893,7.78127384185791,7.714580623326601,7.7479272325922555
seq_894,7.735722064971924,7.750837309655514,7.743279687313719
seq_895,7.7109832763671875,7.765431157399645,7.738207216883416
seq_896,7.7804646492004395,7.724593910785515,7.752529279992977
seq_897,7.767113208770752,7.710952436148229,7.739032822459491
seq_898,7.796779632568359,7.664997937534073,7.730888785051216
seq_899,7.797114372253418,7.729019792113553,7.763067082183485
seq_900,7.736889839172363,7.661032820467047,7.698961329819705
seq_901,7.784777641296387,7.72721226441411,7.755994952855248
seq_902,7.771618843078613,7.711210737247074,7.741414790162844
seq_903,7.779826641082764,7.71488040623215,7.747353523657457
seq_904,7.767486095428467,7.68554474104733,7.726515418237899
seq_905,7.791775703430176,7.7188975495217536,7.755336626475964
seq_906,7.789017200469971,7.731465937832228,7.760241569151099
seq_907,7.771339416503906,7.71822289473311,7.744781155618508
seq_908,7.754674911499023,7.721414468349234,7.738044689924129
seq_909,7.79755973815918,7.738731382751517,7.768145560455348
seq_910,7.789664268493652,7.728936928801206,7.759300598647429
seq_911,7.790746688842773,7.729887357889471,7.760317023366122
seq_912,7.750578880310059,7.725639732996283,7.738109306653171
seq_913,7.76055908203125,7.720194594988776,7.740376838510013
seq_914,7.759206295013428,7.733326480932742,7.746266387973085
seq_915,7.7233171463012695,7.740540712203172,7.731928929252221
seq_916,7.754965305328369,7.721051094990773,7.738008200159571
seq_917,7.755357265472412,7.725142575357766,7.7402499204150885
seq_918,7.776319980621338,7.754628907872251,7.765474444246794
seq_919,7.766885757446289,7.714741314299889,7.740813535873089
seq_920,7.778465747833252,7.744231603453427,7.761348675643339
seq_921,7.774701118469238,7.785959032805419,7.780330075637329
seq_922,7.763985633850098,7.736991410531687,7.750488522190892
seq_923,7.770034313201904,7.734389918943818,7.752212116072862
seq_924,7.761200904846191,7.741133958291081,7.751167431568636
seq_925,7.765675067901611,7.705414802888734,7.735544935395173
seq_926,7.762540817260742,7.742193025187815,7.7523669212242785
seq_927,7.738418102264404,7.715078149771852,7.726748126018128
seq_928,7.75588846206665,7.738420620634356,7.747154541350503
seq_929,7.736085891723633,7.716821287225103,7.726453589474367
seq_930,7.737109661102295,7.712654548823897,7.724882104963096
seq_931,7.7534332275390625,7.747759770487912,7.750596499013487
seq_932,7.784049987792969,7.741250650141497,7.762650318967233
seq_933,7.757699012756348,7.744572493013514,7.751135752884931
seq_934,7.773803234100342,7.792885433450927,7.783344333775634
seq_935,7.762997627258301,7.738515470847662,7.750756549052982
seq_936,7.769342422485352,7.7311001314191925,7.7502212769522725
seq_937,7.742714881896973,7.726510540873845,7.734612711385409
seq_938,7.75224494934082,7.7000763782841215,7.726160663812471
seq_939,7.7435712814331055,7.735804753055161,7.739688017244133
seq_940,7.741640567779541,7.751754045618017,7.746697306698779
seq_941,7.755670547485352,7.712630776033573,7.734150661759463
seq_942,7.745923042297363,7.737018917537096,7.74147097991723
seq_943,7.79084587097168,7.718233125760368,7.754539498366023
seq_944,7.757068634033203,7.714273217660454,7.735670925846828
seq_945,7.741241455078125,7.700129953708437,7.720685704393281
seq_946,7.754753112792969,7.716002843843167,7.735377978318068
seq_947,7.75270938873291,7.7192699299379335,7.735989659335422
seq_948,7.767954349517822,7.733967071616991,7.750960710567407
seq_949,7.772037029266357,7.721132060454364,7.746584544860361
seq_950,7.777636528015137,7.744391892203452,7.761014210109295
seq_951,7.778519630432129,7.8177953855092515,7.79815750797069
seq_952,7.756781578063965,7.724900961890098,7.7408412699770315
seq_953,7.761563777923584,7.725632759017339,7.743598268470461
seq_954,7.756301403045654,7.732959549311445,7.74463047617855
seq_955,7.767459869384766,7.707326929746694,7.73739339956573
seq_956,7.7650041580200195,7.73005973121421,7.747531944617115
seq_957,7.744604110717773,7.719122301614529,7.731863206166151
seq_958,7.75445556640625,7.7368301473043335,7.745642856855292
seq_959,7.759855270385742,7.798381646687112,7.779118458536427
seq_960,7.740828037261963,7.7313756384325,7.736101837847231
seq_961,7.753777503967285,7.724373983877077,7.7390757439221805
seq_962,7.743053436279297,7.740359727754685,7.741706582016991
seq_963,7.730138778686523,7.688502812367986,7.709320795527255
seq_964,7.730863094329834,7.7117132988091495,7.721288196569492
seq_965,7.742170810699463,7.739127594386047,7.740649202542755
seq_966,7.75136661529541,7.784447303919345,7.7679069596073775
seq_967,7.723911285400391,7.728951931870965,7.726431608635678
seq_968,7.73914909362793,7.736006904637563,7.737577999132746
seq_969,7.732877254486084,7.746780353354518,7.739828803920301
seq_970,7.743398666381836,7.705399716603584,7.72439919149271
seq_971,7.727278232574463,7.732540347597579,7.729909290086021
seq_972,7.724523067474365,7.714658251650903,7.719590659562634
seq_973,7.717037200927734,7.678266680471664,7.697651940699699
seq_974,7.715999603271484,7.685121253004681,7.700560428138083
seq_975,7.712394714355469,7.706209520238854,7.709302117297161
seq_976,7.7421956062316895,7.730478192169397,7.736336899200543
seq_977,7.720244407653809,7.703958147275193,7.712101277464501
seq_978,7.727158546447754,7.741665427064623,7.7344119867561885
seq_979,7.7345733642578125,7.724247022577348,7.72941019341758
seq_980,7.717499732971191,7.725168079101721,7.721333906036456
seq_981,7.731088161468506,7.7355716109687656,7.733329886218636
seq_982,7.729280471801758,7.710528727146548,7.7199045994741535
seq_983,7.737453460693359,7.732777563009213,7.735115511851286
seq_984,7.722372055053711,7.719181629216654,7.720776842135182
seq_985,7.742093563079834,7.768159273546922,7.7551264183133775
seq_986,7.727530002593994,7.715875043116971,7.721702522855482
seq_987,7.7346577644348145,7.730497950337201,7.732577857386008
seq_988,7.737277030944824,7.753342789684728,7.745309910314776
seq_989,7.722058296203613,7.695881887647568,7.708970091925591
seq_990,7.716195583343506,7.708934347741963,7.712564965542734
seq_991,7.7046589851379395,7.6897936504776485,7.697226317807794
seq_992,7.700170040130615,7.710541535175727,7.705355787653171
seq_993,7.7294816970825195,7.723565600061619,7.726523648572069
seq_994,7.69858980178833,7.698936436468747,7.698763119128539
seq_995,7.7061991691589355,7.698373216264677,7.7022861927118065
seq_996,7.719610691070557,7.729183586553749,7.724397138812153
seq_997,7.739485740661621,7.688539646654505,7.714012693658063
seq_998,7.713915824890137,7.717784760429762,7.715850292659949
seq_999,7.735593795776367,7.750089160733138,7.7428414782547526
seq_1000,7.719583511352539,7.7216932813089985,7.720638396330768
seq_1001,7.725350856781006,7.726552130884402,7.725951493832704
seq_1002,7.712018013000488,7.718825493612934,7.715421753306711
seq_1003,7.707874298095703,7.700581821031488,7.7042280595635955
seq_1004,7.686063289642334,7.695801399164612,7.690932344403473
seq_1005,7.756133079528809,7.816707861313089,7.786420470420949
seq_1006,7.706240177154541,7.7268137488446325,7.716526962999587
seq_1007,7.748300552368164,7.793232521168071,7.770766536768118
seq_1008,7.697807312011719,7.718711116506945,7.708259214259332
seq_1009,7.709490776062012,7.727753118269891,7.718621947165952
seq_1010,7.732667922973633,7.755862747255469,7.744265335114551
seq_1011,7.713515281677246,7.697212142650119,7.705363712163683
seq_1012,7.730603218078613,7.766226686212238,7.748414952145426
seq_1013,7.7688493728637695,7.830979806790584,7.799914589827177
seq_1014,7.72243595123291,7.747379717086062,7.734907834159486
seq_1015,7.720366954803467,7.747322947272297,7.733844951037882
seq_1016,7.716558456420898,7.74018358127581,7.728371018848354
seq_1017,7.7378129959106445,7.718684702415538,7.728248849163091
seq_1018,7.73884391784668,7.7456748066716745,7.742259362259177
seq_1019,7.759579658508301,7.765342697829773,7.762461178169037
seq_1020,7.7774224281311035,7.777234756758319,7.777328592444711
seq_1021,7.736114025115967,7.734082414493965,7.735098219804966
seq_1022,7.743486404418945,7.735982639456115,7.73973452193753
seq_1023,7.757797718048096,7.713264115104257,7.7355309165761765
seq_1024,7.749815940856934,7.720282115378523,7.735049028117729
seq_1025,7.753270149230957,7.744466095975303,7.74886812260313
seq_1026,7.750747203826904,7.742253973318968,7.746500588572936
seq_1027,7.729400634765625,7.696136408354672,7.7127685215601485
seq_1028,7.739995956420898,7.711692338324999,7.725844147372949
seq_1029,7.76143217086792,7.690402655526436,7.725917413197179
seq_1030,7.777403831481934,7.735603964078031,7.756503897779982
seq_1031,7.771865367889404,7.77681764143253,7.774341504660967
seq_1032,7.732325553894043,7.71625287837214,7.724289216133092
seq_1033,7.73968505859375,7.746193007126547,7.742939032860148
seq_1034,7.752902507781982,7.779435536533998,7.766169022157991
seq_1035,7.732728004455566,7.74576477379396,7.739246389124763
seq_1036,7.742031097412109,7.734385738030117,7.738208417721113
seq_1037,7.73872709274292,7.72885331786264,7.73379020530278
seq_1038,7.693694114685059,7.690357332763748,7.692025723724403
seq_1039,7.717710971832275,7.720251600932575,7.718981286382425
seq_1040,7.728341102600098,7.695170194499795,7.711755648549946
seq_1041,7.736871242523193,7.720343017977466,7.72860713025033
seq_1042,7.737805366516113,7.683674819010797,7.710740092763455
seq_1043,7.7530975341796875,7.701058218390281,7.727077876284984
seq_1044,7.75806999206543,7.689300169109082,7.723685080587256
seq_1045,7.750271320343018,7.695366376368918,7.722818848355968
seq_1046,7.7486371994018555,7.71222896360336,7.730433081502608
seq_1047,7.756147861480713,7.7218539118207365,7.739000886650725
seq_1048,7.775821685791016,7.690536506573262,7.733179096182139
seq_1049,7.765781402587891,7.7234446373888535,7.744613019988372
seq_1050,7.758766174316406,7.74886033074781,7.753813252532108
seq_1051,7.737617492675781,7.704548819653924,7.721083156164853
seq_1052,7.741329193115234,7.696655190718364,7.718992191916799
seq_1053,7.750675201416016,7.712859714236551,7.731767457826283
seq_1054,7.715972423553467,7.663420505638533,7.689696464596
seq_1055,7.729964256286621,7.711338736803366,7.720651496544994
seq_1056,7.77034854888916,7.779956842887017,7.775152695888089
seq_1057,7.7249755859375,7.644612394654898,7.684793990296199
seq_1058,7.764948844909668,7.629815556924689,7.697382200917179
seq_1059,7.750782012939453,7.663054807805278,7.706918410372365
seq_1060,7.688378810882568,7.654351582903498,7.671365196893033
seq_1061,7.753448963165283,7.695665218513092,7.724557090839188
seq_1062,7.75715446472168,7.6999221049383415,7.728538284830011
seq_1063,7.732394695281982,7.676893568095249,7.704644131688616
seq_1064,7.740774631500244,7.706743286840988,7.723758959170616
seq_1065,7.727165699005127,7.676446777717826,7.701806238361476
seq_1066,7.730760097503662,7.698333967153754,7.714547032328708
seq_1067,7.738981246948242,7.695118752026103,7.717049999487172
seq_1068,7.747939586639404,7.683624893426398,7.715782240032901
seq_1069,7.758716583251953,7.686176110228417,7.722446346740185
seq_1070,7.74903678894043,7.706149398141164,7.727593093540797
seq_1071,7.744942665100098,7.718496790430571,7.731719727765334
seq_1072,7.747771263122559,7.7128520428889455,7.730311653005752
seq_1073,7.735447883605957,7.690964118861645,7.713206001233801
seq_1074,7.700142860412598,7.639339796038888,7.669741328225743
seq_1075,7.676499366760254,7.656592013448292,7.6665456901042734
seq_1076,7.702638626098633,7.711827337362934,7.707232981730783
seq_1077,7.717772483825684,7.723744953134135,7.720758718479909
seq_1078,7.7347211837768555,7.74258169985886,7.738651441817858
seq_1079,7.728621482849121,7.737855263745686,7.733238373297404
seq_1080,7.7323737144470215,7.734402167084752,7.733387940765887
seq_1081,7.7254533767700195,7.74869853233422,7.73707595455212
seq_1082,7.749873638153076,7.733826200143337,7.741849919148207
seq_1083,7.7543535232543945,7.7529937733235545,7.7536736482889745
seq_1084,7.754631042480469,7.750218055931919,7.752424549206194
seq_1085,7.7057085037231445,7.755239927437112,7.730474215580129
seq_1086,7.7329607009887695,7.757150057352442,7.745055379170606
seq_1087,7.733187675476074,7.738172588218735,7.735680131847404
seq_1088,7.7305779457092285,7.69712180706438,7.713849876386805
seq_1089,7.713581562042236,7.73261285236271,7.723097207202473
seq_1090,7.772977828979492,7.739854051308527,7.756415940144009
seq_1091,7.763936996459961,7.740648171383645,7.752292583921803
seq_1092,7.758461952209473,7.731944754907967,7.74520335355872
seq_1093,7.762411594390869,7.745969406533299,7.754190500462084
seq_1094,7.773573875427246,7.70565092705996,7.739612401243603
seq_1095,7.770782470703125,7.747443603664998,7.759113037184061
seq_1096,7.795309066772461,7.744370297551312,7.769839682161886
seq_1097,7.757582664489746,7.7313427486728745,7.74446270658131
seq_1098,7.756426811218262,7.731845792769068,7.744136301993665
seq_1099,7.739955902099609,7.736252986436881,7.738104444268245
seq_1100,7.7463250160217285,7.71549147518471,7.730908245603219
seq_1101,7.756207466125488,7.761767279950062,7.758987373037775
seq_1102,7.776499271392822,7.730331920687497,7.75341559604016
seq_1103,7.770608901977539,7.7147175070466565,7.742663204512098
seq_1104,7.77168083190918,7.742865201594599,7.757273016751889
seq_1105,7.783898830413818,7.746571979636999,7.765235405025409
seq_1106,7.769517421722412,7.763395546043082,7.766456483882747
seq_1107,7.719164848327637,7.78087066536199,7.750017756844813
seq_1108,7.725316047668457,7.731148740836082,7.72823239425227
seq_1109,7.745013236999512,7.718119046265921,7.731566141632716
seq_1110,7.735565185546875,7.680759902722897,7.708162544134886
seq_1111,7.735720634460449,7.722016039269874,7.728868336865162
seq_1112,7.7498555183410645,7.730192177211006,7.740023847776035
seq_1113,7.737196922302246,7.746909830900478,7.742053376601362
seq_1114,7.738242149353027,7.730163115641613,7.73420263249732
seq_1115,7.751891613006592,7.724015328598671,7.737953470802632
seq_1116,7.739545822143555,7.703165419112424,7.721355620627989
seq_1117,7.751562118530273,7.7232854999442875,7.7374238092372805
seq_1118,7.793359756469727,7.733724097898768,7.763541927184248
seq_1119,7.744665145874023,7.705191080178298,7.724928113026161
seq_1120,7.75400972366333,7.689042613924489,7.721526168793909
seq_1121,7.754972457885742,7.659549115839619,7.707260786862681
seq_1122,7.737874984741211,7.663905716141766,7.7008903504414885
seq_1123,7.754655838012695,7.6972172690421345,7.725936553527415
seq_1124,7.758976936340332,7.694585274814582,7.726781105577457
seq_1125,7.764870643615723,7.689478971177756,7.7271748073967395
seq_1126,7.743288040161133,7.674333055432863,7.708810547796998
seq_1127,7.712235450744629,7.669234637909757,7.690735044327193
seq_1128,7.724231719970703,7.709064303077133,7.716648011523918
seq_1129,7.705469131469727,7.711675020682231,7.708572076075979
seq_1130,7.718214988708496,7.7244659213606095,7.721340455034553
seq_1131,7.715481281280518,7.679502411943086,7.697491846611802
seq_1132,7.692159652709961,7.706308243544241,7.699233948127101
seq_1133,7.718995094299316,7.722905256841001,7.720950175570159
seq_1134,7.707095623016357,7.72406954118538,7.715582582100868
seq_1135,7.723423957824707,7.68655117142181,7.704987564623258
seq_1136,7.715533256530762,7.707010093191674,7.711271674861218
seq_1137,7.735965728759766,7.712441901812699,7.7242038152862325
seq_1138,7.740740776062012,7.740807142953522,7.7407739595077665
seq_1139,7.732426643371582,7.745581468563594,7.7390040559675874
seq_1140,7.731515407562256,7.742682876286044,7.7370991419241495
seq_1141,7.658193588256836,7.6469406193042335,7.652567103780535
seq_1142,7.649410724639893,7.677730867091121,7.663570795865507
seq_1143,7.763426780700684,7.7004009095145625,7.7319138451076235
seq_1144,7.799458026885986,7.723694695707559,7.761576361296773
seq_1145,7.749012470245361,7.667769528971126,7.708390999608244
seq_1146,7.802268981933594,7.730151426053261,7.7662102039934275
seq_1147,7.796750068664551,7.720119362163569,7.75843471541406
seq_1148,7.75496768951416,7.70081732162002,7.72789250556709
seq_1149,7.748053550720215,7.665062844660294,7.706558197690255
seq_1150,7.747657775878906,7.6863922424489495,7.717025009163928
seq_1151,7.7647833824157715,7.742904981383811,7.753844181899791
seq_1152,7.7519659996032715,7.7059503059653585,7.728958152784315
seq_1153,7.772529602050781,7.695927732726906,7.734228667388844
seq_1154,7.795050144195557,7.726858103584936,7.760954123890246
seq_1155,7.761709690093994,7.6647946722344535,7.713252181164224
seq_1156,7.765555381774902,7.691908758659314,7.728732070217108
seq_1157,7.749028205871582,7.713371187915987,7.731199696893785
seq_1158,7.751257419586182,7.711950493510813,7.731603956548497
seq_1159,7.755773544311523,7.690106958783431,7.722940251547477
seq_1160,7.737612247467041,7.722737522040678,7.730174884753859
seq_1161,7.773170471191406,7.74685269567024,7.760011583430823
seq_1162,7.7739996910095215,7.7027912659804905,7.738395478495006
seq_1163,7.756434440612793,7.67532874063108,7.715881590621937
seq_1164,7.782356262207031,7.724465598060095,7.753410930133564
seq_1165,7.745542049407959,7.6917432192968755,7.718642634352417
seq_1166,7.758202075958252,7.703206610610087,7.730704343284169
seq_1167,7.767971992492676,7.691520009216642,7.729746000854659
seq_1168,7.741766452789307,7.71584660624166,7.7288065295154835
seq_1169,7.710173606872559,7.693899455256984,7.702036531064771
seq_1170,7.736011981964111,7.72587788470183,7.730944933332971
seq_1171,7.696011543273926,7.6515876544086305,7.673799598841278
seq_1172,7.668448448181152,7.600777001178969,7.634612724680061
seq_1173,7.734182357788086,7.715143400637626,7.724662879212856
seq_1174,7.663978576660156,7.588945138008991,7.626461857334574
seq_1175,7.702113151550293,7.6528187370407,7.677465944295497
seq_1176,7.732576847076416,7.719293587581625,7.72593521732902
seq_1177,7.657258033752441,7.6108922402622765,7.634075137007359
seq_1178,7.731319427490234,7.671774891003309,7.701547159246772
seq_1179,7.725882530212402,7.700324574502553,7.713103552357477
seq_1180,7.684344291687012,7.676958359489447,7.680651325588229
seq_1181,7.707132339477539,7.629499537887555,7.668315938682547
seq_1182,7.68471097946167,7.611221819618139,7.6479663995399045
seq_1183,7.65998649597168,7.5840971870609994,7.62204184151634
seq_1184,7.681175708770752,7.641927286395386,7.661551497583069
seq_1185,7.712675094604492,7.733177654480642,7.722926374542567
seq_1186,7.735874652862549,7.728344878758435,7.732109765810492
seq_1187,7.704659938812256,7.703225420647415,7.703942679729836
seq_1188,7.685981750488281,7.714756330807505,7.700369040647893
seq_1189,7.737374782562256,7.692616246362865,7.714995514462561
seq_1190,7.671889781951904,7.681326312165382,7.676608047058643
seq_1191,7.744965076446533,7.765900109004696,7.755432592725615
seq_1192,7.697885036468506,7.6996963156102805,7.698790676039393
seq_1193,7.710343360900879,7.721382458260628,7.715862909580753
seq_1194,7.733883380889893,7.739164041291231,7.736523711090562
seq_1195,7.719818115234375,7.740037111491226,7.7299276133628005
seq_1196,7.707430839538574,7.6825523259220745,7.694991582730324
seq_1197,7.692390441894531,7.697587466543965,7.694988954219248
seq_1198,7.690106391906738,7.707396185583069,7.698751288744903
seq_1199,7.749573230743408,7.752636956474157,7.751105093608782
seq_1200,7.7728590965271,7.778163259779471,7.775511178153286
seq_1201,7.746179580688477,7.75820461199146,7.752192096339968
seq_1202,7.6142191886901855,7.621106001571304,7.617662595130745
seq_1203,7.687162399291992,7.692436144066608,7.6897992716793
seq_1204,7.758488178253174,7.705231026535555,7.731859602394364
seq_1205,7.757591247558594,7.715954118447452,7.736772683003023
seq_1206,7.7617926597595215,7.721426810134533,7.741609734947027
seq_1207,7.7305827140808105,7.730026652895218,7.730304683488015
seq_1208,7.748801231384277,7.689064823433631,7.718933027408954
seq_1209,7.758106231689453,7.728252627791577,7.743179429740515
seq_1210,7.75361442565918,7.736322480749669,7.744968453204424
seq_1211,7.742907524108887,7.698077888197545,7.720492706153216
seq_1212,7.741083145141602,7.720747686992167,7.7309154160668845
seq_1213,7.734849452972412,7.722424508532562,7.728636980752487
seq_1214,7.750405311584473,7.728890753623331,7.739648032603902
seq_1215,7.757509231567383,7.740908962954336,7.749209097260859
seq_1216,7.751802921295166,7.743141291866731,7.747472106580949
seq_1217,7.74550724029541,7.680771739809755,7.7131394900525825
seq_1218,7.763833522796631,7.724884890284226,7.7443592065404285
seq_1219,7.713986396789551,7.693305546299644,7.7036459715445975
seq_1220,7.743279457092285,7.7698851807615785,7.756582318926932
seq_1221,7.764345169067383,7.787192065719305,7.775768617393344
seq_1222,7.749133586883545,7.714504952218581,7.731819269551063
seq_1223,7.756552696228027,7.744667969301525,7.750610332764776
seq_1224,7.7712507247924805,7.706892250927745,7.739071487860112
seq_1225,7.7262187004089355,7.699037303006042,7.712628001707489
seq_1226,7.73526668548584,7.717951861502426,7.726609273494133
seq_1227,7.7189621925354,7.689479308192398,7.704220750363899
seq_1228,7.742298603057861,7.70096057540335,7.721629589230606
seq_1229,7.771389961242676,7.743156168894153,7.757273065068414
seq_1230,7.744324684143066,7.717701743449979,7.731013213796523
seq_1231,7.775936603546143,7.733524788035485,7.754730695790814
seq_1232,7.748736381530762,7.774347087217773,7.761541734374267
seq_1233,7.738488674163818,7.720542093579151,7.729515383871485
seq_1234,7.750242710113525,7.728937563758614,7.739590136936069
seq_1235,7.738783836364746,7.719571712989065,7.729177774676906
seq_1236,7.7472243309021,7.684851375928188,7.716037853415144
seq_1237,7.757557392120361,7.724059573008834,7.7408084825645975
seq_1238,7.761620998382568,7.7127869239726925,7.737203961177631
seq_1239,7.720868110656738,7.789479018755646,7.755173564706192
seq_1240,7.7332987785339355,7.702547491314322,7.717923134924129
seq_1241,7.744627952575684,7.696778102689928,7.720703027632806
seq_1242,7.7239580154418945,7.683008618079899,7.703483316760897
seq_1243,7.723989009857178,7.603716712638803,7.663852861247991
seq_1244,7.746791839599609,7.655962003515517,7.701376921557563
seq_1245,7.73271369934082,7.781141562802876,7.756927631071848
seq_1246,7.637192726135254,7.565049875625281,7.601121300880267
seq_1247,7.708294868469238,7.684061002130031,7.696177935299635
seq_1248,7.719702243804932,7.705241698815252,7.712471971310092
seq_1249,7.718427658081055,7.598169404229849,7.658298531155452
seq_1250,7.716508388519287,7.741556444384456,7.729032416451871
seq_1251,7.691230773925781,7.59522840375958,7.643229588842681
seq_1252,7.699812889099121,7.660246022413263,7.680029455756192
seq_1253,7.748106956481934,7.73355758915473,7.740832272818332
seq_1254,7.693751335144043,7.6199402292250875,7.656845782184565
seq_1255,7.746926784515381,7.753099546168444,7.750013165341913
seq_1256,7.742306709289551,7.785196469048019,7.763751589168785
seq_1257,7.682889938354492,7.6935684848112995,7.688229211582896
seq_1258,7.719871520996094,7.694144390092601,7.707007955544348
seq_1259,7.715851783752441,7.627211970264595,7.671531877008518
seq_1260,7.672784805297852,7.61571667506273,7.644250740180291
seq_1261,7.665897369384766,7.613254097729888,7.639575733557327
seq_1262,7.699946403503418,7.609849964159791,7.654898183831604
seq_1263,7.69352912902832,7.630234972217311,7.661882050622816
seq_1264,7.6810221672058105,7.647988950116659,7.664505558661235
seq_1265,7.697094917297363,7.70958141576882,7.703338166533092
seq_1266,7.7216997146606445,7.689361375183959,7.705530544922302
seq_1267,7.706158638000488,7.690385285796847,7.6982719618986675
seq_1268,7.727267265319824,7.7578725947564,7.742569930038112
seq_1269,7.727311611175537,7.708534942003574,7.717923276589556
seq_1270,7.730074882507324,7.744866425746174,7.737470654126749
seq_1271,7.735513210296631,7.74657371756734,7.741043463931986
seq_1272,7.707772254943848,7.665773137058567,7.686772696001207
seq_1273,7.68359375,7.666236408077389,7.674915079038694
seq_1274,7.737459659576416,7.7031851128047055,7.720322386190561
seq_1275,7.730478763580322,7.713246679867326,7.721862721723824
seq_1276,7.7151947021484375,7.6825156860338,7.698855194091118
seq_1277,7.7430806159973145,7.72010939439649,7.731595005196902
seq_1278,7.731073379516602,7.768571686082263,7.749822532799432
seq_1279,7.708461284637451,7.675108005353117,7.691784644995284
seq_1280,7.695333480834961,7.7048387223818775,7.700086101608419
seq_1281,7.75575590133667,7.776292082245861,7.766023991791266
seq_1282,7.723261833190918,7.703013687694829,7.713137760442874
seq_1283,7.751528739929199,7.702260704083964,7.726894722006582
seq_1284,7.716989517211914,7.6951242497781,7.706056883495007
seq_1285,7.690210342407227,7.636989110930412,7.663599726668819
seq_1286,7.692967414855957,7.671304064636097,7.682135739746027
seq_1287,7.693272590637207,7.6181001542751705,7.655686372456189
seq_1288,7.709228992462158,7.6159523953444035,7.662590693903281
seq_1289,7.685269355773926,7.614367899612041,7.649818627692984
seq_1290,7.696600914001465,7.550563861193934,7.6235823875977
seq_1291,7.693532943725586,7.588862304920685,7.641197624323135
seq_1292,7.752643585205078,7.725649154876264,7.739146370040671
seq_1293,7.775120258331299,7.758901571668664,7.7670109149999815
seq_1294,7.773092746734619,7.743230562922459,7.758161654828539
seq_1295,7.773384094238281,7.764858140538744,7.769121117388512
seq_1296,7.789267539978027,7.817699664195826,7.803483602086926
seq_1297,7.761129856109619,7.749379394637197,7.755254625373408
seq_1298,7.76458740234375,7.746603497849838,7.755595450096794
seq_1299,7.754025459289551,7.741247533547378,7.7476364964184645
seq_1300,7.759955406188965,7.681542204101186,7.720748805145075
seq_1301,7.746323108673096,7.716665303280392,7.731494205976744
seq_1302,7.727238655090332,7.7402835927945635,7.733761123942448
seq_1303,7.705968856811523,7.690387373330065,7.698178115070794
seq_1304,7.749317169189453,7.752640393623076,7.750978781406264
seq_1305,7.766295433044434,7.681661577903284,7.723978505473859
seq_1306,7.709588527679443,7.690150297849264,7.699869412764354
seq_1307,7.7608795166015625,7.718860813641226,7.739870165121394
seq_1308,7.713131904602051,7.704878598623897,7.7090052516129735
seq_1309,7.730309963226318,7.7192031999566435,7.724756581591481
seq_1310,7.75437068939209,7.743581605086398,7.748976147239244
seq_1311,7.751182556152344,7.7185796927620896,7.734881124457217
seq_1312,7.753104209899902,7.742243991458462,7.747674100679182
seq_1313,7.77048397064209,7.797315708494576,7.783899839568333
seq_1314,7.732327938079834,7.731848523710067,7.73208823089495
seq_1315,7.742585182189941,7.731921727894807,7.737253455042374
seq_1316,7.721449851989746,7.714200188617083,7.717825020303414
seq_1317,7.745673656463623,7.694840514621025,7.720257085542324
seq_1318,7.717198371887207,7.710260827574831,7.713729599731019
seq_1319,7.76584005355835,7.670758131696103,7.718299092627227
seq_1320,7.748105049133301,7.713162671402127,7.730633860267714
seq_1321,7.7384538650512695,7.6953298806103625,7.716891872830816
seq_1322,7.78223180770874,7.773112975057953,7.777672391383346
seq_1323,7.827269077301025,7.733113036738427,7.780191057019726
seq_1324,7.7225494384765625,7.701530602551051,7.712040020513807
seq_1325,7.773678779602051,7.801628611799899,7.787653695700975
seq_1326,7.726191520690918,7.685214077087051,7.705702798888984
seq_1327,7.752971649169922,7.7167839679632895,7.734877808566606
seq_1328,7.792270660400391,7.789894166463322,7.791082413431856
seq_1329,7.786761283874512,7.739630395060623,7.763195839467567
seq_1330,7.795107841491699,7.797239612501381,7.796173726996541
seq_1331,7.81398868560791,7.865796679596331,7.8398926826021205
seq_1332,7.778017044067383,7.7535773652193996,7.765797204643391
seq_1333,7.7691755294799805,7.7580321968465125,7.7636038631632465
seq_1334,7.75493049621582,7.718395326353703,7.736662911284762
seq_1335,7.785736083984375,7.718684109060159,7.752210096522267
seq_1336,7.76922607421875,7.740934098060256,7.755080086139503
seq_1337,7.735716819763184,7.659248879400238,7.697482849581711
seq_1338,7.738707542419434,7.667680126094563,7.703193834256998
seq_1339,7.759190559387207,7.7324254029426225,7.745807981164915
seq_1340,7.719842910766602,7.647874880599596,7.683858895683098
seq_1341,7.736725807189941,7.6733609647916445,7.705043385990793
seq_1342,7.735333442687988,7.706238174671319,7.720785808679654
seq_1343,7.74330997467041,7.699162830954597,7.721236402812504
seq_1344,7.744295120239258,7.698285997263971,7.7212905587516145
seq_1345,7.76480770111084,7.748269579455016,7.756538640282928
seq_1346,7.756864547729492,7.713221659355937,7.735043103542715
seq_1347,7.7436723709106445,7.712172442887127,7.727922406898886
seq_1348,7.7528581619262695,7.6883197807766805,7.720588971351475
seq_1349,7.759772300720215,7.665525691740035,7.712648996230125
seq_1350,7.734896659851074,7.6777761075282065,7.70633638368964
seq_1351,7.709661483764648,7.748940263102683,7.729300873433665
seq_1352,7.7209320068359375,7.700609348558146,7.710770677697042
seq_1353,7.721144676208496,7.73139285710554,7.726268766657018
seq_1354,7.700689315795898,7.737700347333554,7.719194831564726
seq_1355,7.710295677185059,7.721550614267066,7.715923145726062
seq_1356,7.702404022216797,7.7388972072007185,7.720650614708758
seq_1357,7.719204902648926,7.7676209580138895,7.743412930331408
seq_1358,7.691487789154053,7.725251861591009,7.708369825372531
seq_1359,7.703961372375488,7.7401849388975466,7.722073155636517
seq_1360,7.7411699295043945,7.749623032716504,7.745396481110449
seq_1361,7.720497131347656,7.698064584539174,7.7092808579434156
seq_1362,7.718268394470215,7.720936770804406,7.719602582637311
seq_1363,7.714459419250488,7.667124811232485,7.690792115241487
seq_1364,7.721928596496582,7.680971045900045,7.701449821198313
seq_1365,7.704311370849609,7.643040894651165,7.673676132750387
seq_1366,7.702993392944336,7.666503043283621,7.684748218113978
seq_1367,7.751541614532471,7.627508216583622,7.689524915558046
seq_1368,7.641613483428955,7.604951965926297,7.623282724677626
seq_1369,7.710980415344238,7.688387956926665,7.6996841861354515
seq_1370,7.658886432647705,7.6227046454931955,7.64079553907045
seq_1371,7.703526496887207,7.669311041952723,7.686418769419965
seq_1372,7.709574222564697,7.701033661479582,7.705303942022139
seq_1373,7.712316989898682,7.645436517798092,7.678876753848387
seq_1374,7.737220287322998,7.705686230340197,7.721453258831597
seq_1375,7.73340368270874,7.732729795154832,7.733066738931786
seq_1376,7.7088727951049805,7.666011834166442,7.687442314635711
seq_1377,7.705524444580078,7.6546464248201636,7.680085434700121
seq_1378,7.663666248321533,7.626763336117385,7.645214792219459
seq_1379,7.674620628356934,7.628470651086724,7.651545639721829
seq_1380,7.703092575073242,7.659844340323126,7.681468457698184
seq_1381,7.75919246673584,7.778355972353362,7.768774219544601
seq_1382,7.7187395095825195,7.674611716568863,7.6966756130756915
seq_1383,7.718132972717285,7.6788894029913,7.698511187854292
seq_1384,7.690671443939209,7.695614626209306,7.693143035074257
seq_1385,7.688207626342773,7.694943501483568,7.691575563913171
seq_1386,7.696985244750977,7.725327447653063,7.71115634620202
seq_1387,7.744875907897949,7.703357765464862,7.7241168366814055
seq_1388,7.713370323181152,7.643679056709967,7.67852468994556
seq_1389,7.703071117401123,7.63520583607076,7.669138476735942
seq_1390,7.713760852813721,7.6252334903412,7.6694971715774605
seq_1391,7.69157600402832,7.63567743858458,7.66362672130645
seq_1392,7.689021587371826,7.646743872279912,7.66788272982587
seq_1393,7.685877799987793,7.670873699083801,7.678375749535797
seq_1394,7.687336444854736,7.637526541788677,7.662431493321707
seq_1395,7.706162929534912,7.681301006685251,7.6937319681100815
seq_1396,7.719266891479492,7.705997217119437,7.712632054299465
seq_1397,7.716963291168213,7.638290236755584,7.677626763961898
seq_1398,7.7304534912109375,7.741147567437424,7.73580052932418
seq_1399,7.691248416900635,7.620267042716591,7.655757729808613
seq_1400,7.722197532653809,7.6744897604906335,7.698343646572221
seq_1401,7.7063727378845215,7.669637429025212,7.6880050834548666
seq_1402,7.664106845855713,7.640352760542154,7.652229803198933
seq_1403,7.7225470542907715,7.7118429516736295,7.7171950029822005
seq_1404,7.744009017944336,7.77873725818575,7.761373138065043
seq_1405,7.72118616104126,7.6934047391328875,7.707295450087074
seq_1406,7.728012561798096,7.7002379442133435,7.71412525300572
seq_1407,7.727526664733887,7.681794834490734,7.7046607496123105
seq_1408,7.702672958374023,7.681754582014848,7.692213770194435
seq_1409,7.7159833908081055,7.684497601449493,7.700240496128799
seq_1410,7.739251136779785,7.727961804350521,7.733606470565153
seq_1411,7.655668258666992,7.644908322657768,7.65028829066238
seq_1412,7.66368293762207,7.670082277251158,7.666882607436614
seq_1413,7.695821762084961,7.697025913477345,7.696423837781153
seq_1414,7.691645622253418,7.685472191064168,7.688558906658793
seq_1415,7.672143936157227,7.678777423201732,7.675460679679479
seq_1416,7.6653900146484375,7.687222733505979,7.676306374077209
seq_1417,7.713626861572266,7.729937613844889,7.721782237708577
seq_1418,7.742208957672119,7.714850203868002,7.7285295807700605
seq_1419,7.744488716125488,7.745546177051292,7.74501744658839
seq_1420,7.644903182983398,7.554521013488824,7.599712098236111
seq_1421,7.662744522094727,7.5728711471304715,7.617807834612599
seq_1422,7.655908584594727,7.553581642725673,7.6047451136602
seq_1423,7.675179481506348,7.555392524837329,7.615286003171838
seq_1424,7.639922618865967,7.57536754747101,7.607645083168489
seq_1425,7.751091957092285,7.734086370049214,7.7425891635707496
seq_1426,7.75843620300293,7.740050348650366,7.749243275826648
seq_1427,7.756057262420654,7.7299493916424495,7.743003327031552
seq_1428,7.718130588531494,7.699133927300604,7.708632257916049
seq_1429,7.782905101776123,7.745218565737403,7.764061833756763
seq_1430,7.794879913330078,7.691323039850429,7.743101476590254
seq_1431,7.786196231842041,7.702251394181081,7.744223813011561
seq_1432,7.803492069244385,7.706526011839412,7.755009040541898
seq_1433,7.7764153480529785,7.734162942371378,7.755289145212178
seq_1434,7.814124584197998,7.702351658523138,7.758238121360568
seq_1435,7.780632019042969,7.710053749991111,7.74534288451704
seq_1436,7.789992332458496,7.7262366809959175,7.758114506727207
seq_1437,7.814648628234863,7.730358135879227,7.772503382057045
seq_1438,7.799139976501465,7.71809748853298,7.758618732517222
seq_1439,7.8097453117370605,7.724724724632326,7.767235018184693
seq_1440,7.7955708503723145,7.707896570315096,7.751733710343705
seq_1441,7.806077480316162,7.729763024127656,7.767920252221909
seq_1442,7.797430515289307,7.738840750565407,7.768135632927357
seq_1443,7.7903947830200195,7.740572885130334,7.765483834075177
seq_1444,7.803168296813965,7.753983070508423,7.7785756836611935
seq_1445,7.782772541046143,7.731744474827655,7.757258507936899
seq_1446,7.811285972595215,7.707893480709891,7.759589726652553
seq_1447,7.796131134033203,7.707876698180361,7.752003916106782
seq_1448,7.740097999572754,7.731351984888977,7.735724992230866
seq_1449,7.738181114196777,7.717442639297051,7.727811876746914
seq_1450,7.712831497192383,7.6972957882958255,7.705063642744104
seq_1451,7.741878509521484,7.7380611128385794,7.739969811180032
seq_1452,7.709691524505615,7.715310129158215,7.712500826831915
seq_1453,7.7162909507751465,7.710124478402715,7.713207714588931
seq_1454,7.730517387390137,7.717636181071795,7.724076784230966
seq_1455,7.701326847076416,7.700248672798242,7.700787759937329
seq_1456,7.700385093688965,7.689507561032035,7.694946327360499
seq_1457,7.735049247741699,7.740759378131507,7.737904312936603
seq_1458,7.769186019897461,7.744786174412464,7.756986097154963
seq_1459,7.735007286071777,7.72168418028293,7.7283457331773535
seq_1460,7.719291687011719,7.716709442915007,7.718000564963363
seq_1461,7.77549934387207,7.747728270541831,7.761613807206951
seq_1462,7.762424468994141,7.73058338191311,7.746503925453625
seq_1463,7.760804176330566,7.74467534353904,7.752739759934803
seq_1464,7.781054973602295,7.734940406371704,7.757997689987
seq_1465,7.726360321044922,7.737327480147543,7.731843900596232
seq_1466,7.766452312469482,7.73191495950835,7.749183635988916
seq_1467,7.804357528686523,7.723246264642216,7.76380189666437
seq_1468,7.786768913269043,7.744909525721291,7.765839219495167
seq_1469,7.792543888092041,7.731065832761704,7.761804860426873
seq_1470,7.785364151000977,7.746094769917979,7.765729460459478
seq_1471,7.795986175537109,7.724304669282237,7.760145422409673
seq_1472,7.797977447509766,7.73828604857456,7.768131748042163
seq_1473,7.755491256713867,7.752234367226423,7.753862811970145
seq_1474,7.777651786804199,7.696397580872587,7.737024683838393
seq_1475,7.782307147979736,7.716720285125837,7.749513716552787
seq_1476,7.786466598510742,7.6862784520025755,7.736372525256659
seq_1477,7.732880592346191,7.647448330243064,7.690164461294628
seq_1478,7.782894611358643,7.702009035048437,7.74245182320354
seq_1479,7.735165119171143,7.664806890060985,7.699986004616064
seq_1480,7.754765510559082,7.677385459538385,7.716075485048734
seq_1481,7.793489933013916,7.71019135203154,7.751840642522728
seq_1482,7.786614418029785,7.730652781206565,7.758633599618175
seq_1483,7.790575981140137,7.709443417052805,7.750009699096471
seq_1484,7.793819904327393,7.7055516614755994,7.749685782901496
seq_1485,7.778061389923096,7.712364525373934,7.745212957648515
seq_1486,7.776660919189453,7.70746234887706,7.742061634033257
seq_1487,7.7384724617004395,7.677605903982669,7.708039182841555
seq_1488,7.7696943283081055,7.661683673474274,7.71568900089119
seq_1489,7.761139392852783,7.653054409654369,7.707096901253577
seq_1490,7.771555423736572,7.801864978122687,7.78671020092963
seq_1491,7.793213844299316,7.72264334153508,7.757928592917198
seq_1492,7.7550859451293945,7.747282787304252,7.751184366216823
seq_1493,7.737374305725098,7.722078706706467,7.7297265062157825
seq_1494,7.762772560119629,7.753361373357886,7.758066966738758
seq_1495,7.757353782653809,7.740389107136739,7.748871444895274
seq_1496,7.768148899078369,7.791159801122273,7.779654350100321
seq_1497,7.790115833282471,7.769699696921668,7.779907765102069
seq_1498,7.778201580047607,7.797958251361635,7.788079915704621
seq_1499,7.760178089141846,7.820936211630585,7.790557150386215
seq_1500,7.754171848297119,7.7864789869403666,7.770325417618743
seq_1501,7.76896333694458,7.776661784973762,7.772812560959171
seq_1502,7.762441158294678,7.766841960501886,7.764641559398282
seq_1503,7.7563958168029785,7.721500208807557,7.738948012805268
seq_1504,7.746225357055664,7.744038205440297,7.745131781247981
seq_1505,7.7989091873168945,7.632928084465022,7.715918635890958
seq_1506,7.714357852935791,7.662449631181626,7.688403742058709
seq_1507,7.720877170562744,7.635869689966682,7.678373430264713
seq_1508,7.7221455574035645,7.674704078548794,7.698424817976179
seq_1509,7.730081558227539,7.664363064957364,7.697222311592451
seq_1510,7.776271820068359,7.698705043329913,7.737488431699136
seq_1511,7.779044151306152,7.7020862179291525,7.740565184617653
seq_1512,7.771590232849121,7.725228693007152,7.748409462928136
seq_1513,7.764396667480469,7.751242718173694,7.7578196928270815
seq_1514,7.74500846862793,7.704308134548548,7.724658301588239
seq_1515,7.74913215637207,7.700341060051087,7.724736608211579
seq_1516,7.733098983764648,7.695361420017916,7.714230201891282
seq_1517,7.719677448272705,7.661399439876545,7.690538444074625
seq_1518,7.7115678787231445,7.6700119439980226,7.690789911360584
seq_1519,7.669241905212402,7.687298921817389,7.678270413514896
seq_1520,7.782297611236572,7.7887254012177625,7.785511506227167
seq_1521,7.760532379150391,7.81947412656188,7.790003252856135
seq_1522,7.719001293182373,7.70418160959927,7.711591451390822
seq_1523,7.715582847595215,7.742063165779648,7.728823006687431
seq_1524,7.773656845092773,7.665848879031211,7.719752862061992
seq_1525,7.729645729064941,7.696360545448916,7.713003137256928
seq_1526,7.718677520751953,7.66104048206477,7.689859001408362
seq_1527,7.733782768249512,7.717550275685841,7.725666521967677
seq_1528,7.733329772949219,7.703422074517062,7.71837592373314
seq_1529,7.751302242279053,7.734789130936148,7.7430456866076005
seq_1530,7.780579566955566,7.739257573046729,7.7599185700011475
seq_1531,7.756711006164551,7.746659242354886,7.751685124259718
seq_1532,7.741416931152344,7.756014211185379,7.748715571168861
seq_1533,7.740747451782227,7.719891300940491,7.730319376361359
seq_1534,7.74492073059082,7.718070770188657,7.731495750389739
seq_1535,7.718835830688477,7.7167794580721045,7.71780764438029
seq_1536,7.734005928039551,7.698305645300554,7.716155786670052
seq_1537,7.717491149902344,7.716741929889181,7.717116539895763
seq_1538,7.732872486114502,7.721178738195395,7.727025612154948
seq_1539,7.7274980545043945,7.730459101608979,7.728978578056687
seq_1540,7.731350898742676,7.683567874582049,7.707459386662363
seq_1541,7.76897668838501,7.739537914331309,7.754257301358159
seq_1542,7.763975143432617,7.733468251997561,7.748721697715089
seq_1543,7.733760833740234,7.760825524230936,7.747293178985585
seq_1544,7.747467041015625,7.735284938060623,7.741375989538124
seq_1545,7.771203994750977,7.783862332014821,7.777533163382898
seq_1546,7.756016731262207,7.791098704849613,7.77355771805591
seq_1547,7.712705135345459,7.759718699857371,7.736211917601414
seq_1548,7.754487037658691,7.751588209142781,7.753037623400736
seq_1549,7.767083644866943,7.751085586339673,7.759084615603308
seq_1550,7.782970428466797,7.71796873318654,7.750469580826668
seq_1551,7.73283576965332,7.745262440388557,7.739049105020939
seq_1552,7.723731994628906,7.751966740367918,7.737849367498413
seq_1553,7.702279090881348,7.700816999991263,7.701548045436305
seq_1554,7.707995414733887,7.714051477259673,7.71102344599678
seq_1555,7.7182207107543945,7.709743653829742,7.713982182292068
seq_1556,7.689919471740723,7.676673445613987,7.683296458677354
seq_1557,7.664615154266357,7.689289643909229,7.676952399087793
seq_1558,7.729419708251953,7.685607307653237,7.707513507952595
seq_1559,7.717439651489258,7.708956174431192,7.713197912960225
seq_1560,8.065826416015625,7.811160683064738,7.938493549540182
seq_1561,8.050437927246094,7.791851053138011,7.921144490192052
seq_1562,8.083282470703125,7.83611388371658,7.9596981772098525
seq_1563,8.09255313873291,7.866121439475754,7.979337289104333
seq_1564,8.06619930267334,7.843887294280267,7.955043298476804
seq_1565,8.062189102172852,7.818835059661057,7.940512080916955
seq_1566,8.107071876525879,7.808173713372987,7.957622794949433
seq_1567,8.06998348236084,7.846405014426573,7.958194248393706
seq_1568,8.043478012084961,7.754060144052065,7.898769078068513
seq_1569,8.080878257751465,7.832146104692356,7.95651218122191
seq_1570,8.076152801513672,7.810772680782377,7.943462741148025
seq_1571,8.10331916809082,7.8061820452744115,7.954750606682616
seq_1572,8.07138442993164,7.779355154411794,7.925369792171717
seq_1573,8.108894348144531,7.813122252735094,7.961008300439813
seq_1574,8.069707870483398,7.851098032244718,7.960402951364058
seq_1575,8.084153175354004,7.802395266102623,7.943274220728314
seq_1576,8.067672729492188,7.7939268737632705,7.930799801627729
seq_1577,8.072393417358398,7.840561858864373,7.9564776381113855
seq_1578,8.064960479736328,7.798374948452181,7.931667714094255
seq_1579,8.115257263183594,7.8916562637756105,8.003456763479601
seq_1580,8.119815826416016,7.918479311397781,8.019147568906899
seq_1581,8.091833114624023,7.825552167858628,7.958692641241326
seq_1582,8.04416275024414,7.836039192729386,7.940100971486763
seq_1583,7.999371528625488,7.76874311788702,7.884057323256254
seq_1584,8.106931686401367,7.903554083104733,8.00524288475305
seq_1585,8.06840705871582,7.9413676936333655,8.004887376174594
seq_1586,8.023314476013184,7.80432980512166,7.913822140567422
seq_1587,8.054560661315918,7.846030289451305,7.950295475383612
seq_1588,8.084413528442383,7.735257595121019,7.909835561781701
seq_1589,8.034902572631836,7.806301215643516,7.9206018941376755
seq_1590,8.00290298461914,7.763525448311976,7.883214216465559
seq_1591,8.027047157287598,7.803274840599187,7.915160998943392
seq_1592,8.034061431884766,7.793475956902699,7.913768694393733
seq_1593,8.037704467773438,7.849914848761594,7.943809658267516
seq_1594,8.032383918762207,7.818510772464167,7.925447345613187
seq_1595,8.031696319580078,7.85484614257331,7.943271231076694
seq_1596,8.02638053894043,7.862044346291308,7.944212442615869
seq_1597,8.046797752380371,7.825083785534209,7.935940768957289
seq_1598,8.058267593383789,7.801504319066689,7.929885956225239
seq_1599,8.052743911743164,7.799680313355138,7.926212112549151
seq_1600,8.061246871948242,7.799221857864187,7.930234364906214
seq_1601,8.05072021484375,7.836472654763904,7.943596434803827
seq_1602,8.06895637512207,7.825912090759375,7.947434232940722
seq_1603,8.061197280883789,7.830107854021486,7.945652567452638
seq_1604,8.048772811889648,7.823973123218446,7.936372967554047
seq_1605,8.046440124511719,7.7412702580237465,7.893855191267733
seq_1606,8.055266380310059,7.825331167163435,7.940298773736747
seq_1607,8.053722381591797,7.810396598903198,7.9320594902474975
seq_1608,8.043623924255371,7.823101031303883,7.933362477779627
seq_1609,8.041337966918945,7.821963391444203,7.931650679181574
seq_1610,8.054346084594727,7.845036182623068,7.949691133608898
seq_1611,8.066812515258789,7.808679598795257,7.937746057027023
seq_1612,8.05604362487793,7.8306429084599065,7.9433432666689185
seq_1613,8.050372123718262,7.807402027009578,7.92888707536392
seq_1614,8.056151390075684,7.806128801336899,7.931140095706292
seq_1615,8.075273513793945,7.855371461657905,7.965322487725925
seq_1616,8.013025283813477,7.810696291388162,7.911860787600819
seq_1617,8.055452346801758,7.825026926045515,7.9402396364236365
seq_1618,8.073244094848633,7.854626594427231,7.963935344637932
seq_1619,8.044795036315918,7.835514696432135,7.9401548663740265
seq_1620,8.054971694946289,7.84458630558826,7.949779000267275
seq_1621,8.062629699707031,7.8240703321968565,7.943350015951944
seq_1622,8.026838302612305,7.801312447515387,7.914075375063845
seq_1623,8.047616958618164,7.800566628166964,7.924091793392564
seq_1624,8.03368091583252,7.773824274946959,7.903752595389739
seq_1625,8.054606437683105,7.831426199194124,7.943016318438614
seq_1626,8.060214042663574,7.787631969251244,7.923923005957409
seq_1627,8.072115898132324,7.818837990805891,7.945476944469108
seq_1628,8.00950813293457,7.803904815644907,7.906706474289739
seq_1629,8.06680679321289,7.785521153419923,7.926163973316407
seq_1630,8.081719398498535,7.788135949419724,7.9349276739591295
seq_1631,8.060009002685547,7.783500652525841,7.921754827605694
seq_1632,8.075427055358887,7.772726913638365,7.924076984498626
seq_1633,8.066568374633789,7.777549660540132,7.92205901758696
seq_1634,8.055593490600586,7.8192542541168075,7.937423872358696
seq_1635,8.061989784240723,7.772964254378385,7.917477019309554
seq_1636,8.062812805175781,7.800230275580489,7.931521540378135
seq_1637,8.047086715698242,7.859507840538285,7.953297278118264
seq_1638,8.072004318237305,7.899580431037824,7.9857923746375645
seq_1639,8.01162052154541,7.89279646314494,7.952208492345175
seq_1640,8.020169258117676,7.925548684451396,7.972858971284536
seq_1641,8.042625427246094,7.842758607460776,7.942692017353435
seq_1642,8.032896995544434,7.845551691135199,7.939224343339816
seq_1643,8.124259948730469,7.74547684662809,7.9348683976792795
seq_1644,8.05630874633789,7.857504204664524,7.956906475501207
seq_1645,8.028144836425781,7.816758711764739,7.92245177409526
seq_1646,8.058518409729004,7.8487607325843936,7.953639571156699
seq_1647,8.063212394714355,7.8390568690059,7.951134631860128
seq_1648,8.042776107788086,7.850000444704598,7.946388276246342
seq_1649,8.058317184448242,7.855238626618416,7.956777905533329
seq_1650,8.059524536132812,7.864632520852959,7.962078528492886
seq_1651,8.0512113571167,7.874035152806249,7.962623254961474
seq_1652,8.044686317443848,7.843583043530564,7.944134680487206
seq_1653,8.039924621582031,7.864206418979953,7.952065520280993
seq_1654,8.053994178771973,7.899234175730729,7.976614177251351
seq_1655,8.012104034423828,7.955052114339597,7.983578074381713
seq_1656,8.020483016967773,7.973968983164096,7.997226000065934
seq_1657,7.990163803100586,7.828293038048583,7.909228420574585
seq_1658,8.022357940673828,7.8743355085789135,7.94834672462637
seq_1659,8.082829475402832,7.667486823579004,7.875158149490918
seq_1660,8.008197784423828,7.83636849696188,7.922283140692854
seq_1661,7.96846342086792,7.7435576256239855,7.856010523245953
seq_1662,8.022050857543945,7.819790833166359,7.920920845355152
seq_1663,8.019492149353027,7.842447891358416,7.930970020355722
seq_1664,8.038984298706055,7.853036579393759,7.946010439049907
seq_1665,8.036467552185059,7.797467276041818,7.916967414113438
seq_1666,7.992866516113281,7.816907643127401,7.904887079620341
seq_1667,8.066219329833984,7.877624600996148,7.971921965415066
seq_1668,8.013609886169434,7.837561412448087,7.92558564930876
seq_1669,8.017850875854492,7.826357815642954,7.922104345748723
seq_1670,8.077308654785156,7.8460115421334145,7.961660098459285
seq_1671,8.075915336608887,7.8622829990695795,7.969099167839233
seq_1672,8.051288604736328,7.8620485753137475,7.956668590025037
seq_1673,8.053092956542969,7.853224379329369,7.953158667936169
seq_1674,8.048844337463379,7.798049388672998,7.923446863068188
seq_1675,8.031033515930176,7.847695858192893,7.939364687061534
seq_1676,8.054990768432617,7.856494100377834,7.955742434405225
seq_1677,8.089332580566406,7.848604719370391,7.9689686499683985
seq_1678,8.076772689819336,7.850708966190221,7.963740828004779
seq_1679,8.05384635925293,7.839041270300482,7.946443814776706
seq_1680,8.042261123657227,7.850502776395389,7.946381950026308
seq_1681,8.09923267364502,7.86832985187997,7.983781262762495
seq_1682,8.035726547241211,7.83398264166282,7.934854594452016
seq_1683,8.088014602661133,7.8815234299591665,7.98476901631015
seq_1684,8.017759323120117,7.828694299775902,7.92322681144801
seq_1685,8.05383586883545,7.831869969665793,7.942852919250621
seq_1686,8.09078598022461,7.875501894548712,7.983143937386661
seq_1687,8.022314071655273,7.787340232093742,7.904827151874508
seq_1688,8.08890151977539,7.8677694187641904,7.9783354692697905
seq_1689,8.084787368774414,7.867524058426296,7.976155713600355
seq_1690,8.087523460388184,7.87000929039413,7.978766375391157
seq_1691,8.087626457214355,7.873210193259966,7.98041832523716
seq_1692,7.992690086364746,7.850023157869282,7.921356622117014
seq_1693,7.97080659866333,7.809434042676099,7.890120320669714
seq_1694,7.997920989990234,7.7996126677742055,7.89876682888222
seq_1695,8.012173652648926,7.862608384822602,7.937391018735764
seq_1696,7.972352981567383,7.8110843991211265,7.891718690344255
seq_1697,8.05849838256836,7.888415672834687,7.973457027701523
seq_1698,8.057981491088867,7.892049621591808,7.975015556340338
seq_1699,7.979208946228027,7.8264463797567325,7.9028276629923795
seq_1700,8.018289566040039,7.8763346352480745,7.947312100644057
seq_1701,7.94992733001709,7.791380171017943,7.8706537505175165
seq_1702,7.969607353210449,7.812939358048801,7.891273355629625
seq_1703,8.00728702545166,7.852094997309761,7.929691011380711
seq_1704,8.050575256347656,7.840290728178089,7.945432992262873
seq_1705,8.050232887268066,7.784321083207844,7.917276985237955
seq_1706,8.023073196411133,7.798944192983988,7.911008694697561
seq_1707,8.012125968933105,7.803353279772374,7.90773962435274
seq_1708,8.029842376708984,7.842190624059325,7.936016500384154
seq_1709,8.078568458557129,7.840405246067008,7.959486852312068
seq_1710,8.059294700622559,7.79187753750085,7.9255861190617045
seq_1711,8.059178352355957,7.8007110880873824,7.92994472022167
seq_1712,8.039573669433594,7.807903917386776,7.923738793410185
seq_1713,8.070772171020508,7.81592069001446,7.943346430517484
seq_1714,8.01207160949707,7.852286991423194,7.932179300460132
seq_1715,8.009638786315918,7.814542042176145,7.912090414246031
seq_1716,7.993541240692139,7.821632852217691,7.907587046454915
seq_1717,7.978958606719971,7.85109232665649,7.91502546668823
seq_1718,8.051756858825684,7.861503862833551,7.956630360829617
seq_1719,7.99132776260376,7.84153869586037,7.916433229232065
seq_1720,8.015032768249512,7.8668862613454635,7.940959514797488
seq_1721,8.053118705749512,7.8540396670071475,7.953579186378329
seq_1722,8.001228332519531,7.891848517677076,7.9465384250983035
seq_1723,8.039146423339844,7.838389673374448,7.9387680483571454
seq_1724,8.023801803588867,7.847872899962608,7.935837351775738
seq_1725,8.012763977050781,7.863744446926409,7.938254211988595
seq_1726,8.002542495727539,7.787460608804287,7.895001552265914
seq_1727,8.009111404418945,7.857508718064756,7.933310061241851
seq_1728,8.034354209899902,7.923095911579238,7.9787250607395706
seq_1729,7.993872165679932,7.832297410295604,7.913084787987768
seq_1730,8.020364761352539,7.846863681839222,7.933614221595881
seq_1731,8.055437088012695,7.861351551198405,7.95839431960555
seq_1732,8.094987869262695,7.855788272111742,7.9753880706872184
seq_1733,8.104545593261719,7.835383298509196,7.9699644458854575
seq_1734,8.132462501525879,7.8561059779689915,7.994284239747435
seq_1735,8.11704158782959,7.8340754303333355,7.975558509081463
seq_1736,8.042999267578125,7.839636769752039,7.941318018665082
seq_1737,8.120314598083496,7.857300103392662,7.988807350738079
seq_1738,8.093940734863281,7.842733270044229,7.9683370024537545
seq_1739,8.076395988464355,7.838659851698749,7.957527920081552
seq_1740,8.10403823852539,7.8498053065495395,7.976921772537465
seq_1741,8.049458503723145,7.83550745589402,7.942482979808583
seq_1742,8.048139572143555,7.817624266745081,7.932881919444318
seq_1743,8.05606460571289,7.820415116798987,7.938239861255939
seq_1744,8.053354263305664,7.847773298959977,7.9505637811328205
seq_1745,8.085569381713867,7.8539579194866675,7.969763650600267
seq_1746,8.087909698486328,7.848137130678417,7.9680234145823725
seq_1747,8.155922889709473,7.892990701045678,8.024456795377574
seq_1748,8.137046813964844,7.866566651424501,8.001806732694671
seq_1749,8.022054672241211,7.799531142380232,7.9107929073107215
seq_1750,8.046493530273438,7.798648792861722,7.92257116156758
seq_1751,8.048330307006836,7.790812335376414,7.919571321191625
seq_1752,8.038110733032227,7.794605849197756,7.9163582911149915
seq_1753,8.050643920898438,7.811228505473704,7.930936213186071
seq_1754,8.05401611328125,7.777808760461819,7.915912436871535
seq_1755,8.040149688720703,7.812058909365189,7.9261042990429456
seq_1756,8.068625450134277,7.831876605196788,7.950251027665533
seq_1757,8.032374382019043,7.836933891779482,7.934654136899263
seq_1758,8.054482460021973,7.832266452286802,7.9433744561543875
seq_1759,8.056842803955078,7.816809416974549,7.936826110464814
seq_1760,8.064920425415039,7.812600634168721,7.93876052979188
seq_1761,8.055856704711914,7.790322960736104,7.923089832724009
seq_1762,8.056060791015625,7.8118013452777895,7.933931068146707
seq_1763,8.04090690612793,7.853517854296721,7.947212380212325
seq_1764,8.048198699951172,7.805561318393938,7.926880009172555
seq_1765,8.050786972045898,7.83490035307751,7.942843662561704
seq_1766,8.077554702758789,7.888470817345091,7.98301276005194
seq_1767,8.107303619384766,7.816610195364303,7.961956907374534
seq_1768,8.111246109008789,7.880765913637177,7.996006011322983
seq_1769,8.097579956054688,7.9014060881579535,7.9994930221063205
seq_1770,7.999473571777344,7.810392692617519,7.904933132197431
seq_1771,8.130023002624512,7.907750730772733,8.018886866698622
seq_1772,8.053277015686035,7.878502034151628,7.965889524918832
seq_1773,8.117359161376953,7.939839298892032,8.028599230134493
seq_1774,8.115274429321289,7.905742320454426,8.010508374887857
seq_1775,8.003986358642578,7.81276038315081,7.908373370896694
seq_1776,8.020525932312012,7.767031174718235,7.893778553515123
seq_1777,8.069416046142578,7.830306743588391,7.949861394865485
seq_1778,8.080182075500488,7.841039539180413,7.9606108073404505
seq_1779,8.014986038208008,7.863917287221234,7.939451662714621
seq_1780,8.02512264251709,7.825582699648631,7.925352671082861
seq_1781,8.022441864013672,7.881865968216946,7.952153916115309
seq_1782,8.014774322509766,7.831931716964287,7.923353019737027
seq_1783,8.043787956237793,7.85583923223649,7.949813594237142
seq_1784,7.984940528869629,7.81930884153166,7.902124685200644
seq_1785,7.99899959564209,7.8204765475476234,7.909738071594857
seq_1786,8.043095588684082,7.856357222272917,7.9497264054785
seq_1787,8.038013458251953,7.84583923908586,7.941926348668907
seq_1788,8.029748916625977,7.835646355512582,7.932697636069279
seq_1789,8.032682418823242,7.8640099974314985,7.94834620812737
seq_1790,8.044174194335938,7.842867183420012,7.943520688877975
seq_1791,8.011378288269043,7.843841857740395,7.927610073004719
seq_1792,8.032499313354492,7.759651487695596,7.896075400525044
seq_1793,8.070114135742188,7.838939998717741,7.954527067229964
seq_1794,8.072700500488281,7.876776411328855,7.974738455908568
seq_1795,8.024852752685547,7.822331050642843,7.923591901664195
seq_1796,8.04928970336914,7.839411140591871,7.944350421980506
seq_1797,8.038036346435547,7.810972163780545,7.924504255108046
seq_1798,8.048917770385742,7.841796866366332,7.945357318376037
seq_1799,8.019590377807617,7.835069562729174,7.927329970268396
seq_1800,8.037971496582031,7.8292818391123955,7.933626667847213
seq_1801,8.035536766052246,7.829906444098781,7.932721605075514
seq_1802,8.025670051574707,7.783208129390734,7.90443909048272
seq_1803,8.016718864440918,7.730346453029854,7.873532658735385
seq_1804,8.07033920288086,7.799698563992727,7.935018883436793
seq_1805,8.041912078857422,7.797706984811374,7.919809531834398
seq_1806,8.011351585388184,7.746924320242913,7.879137952815548
seq_1807,8.028056144714355,7.795577657185447,7.911816900949901
seq_1808,8.026812553405762,7.751650018915672,7.889231286160717
seq_1809,8.010897636413574,7.762158333759774,7.8865279850866745
seq_1810,8.01992416381836,7.789033816196131,7.904478990007245
seq_1811,8.0138521194458,7.751564664625327,7.882708392035564
seq_1812,8.006292343139648,7.745995681946859,7.876144012543254
seq_1813,8.038726806640625,7.790324375591807,7.914525591116216
seq_1814,8.050052642822266,7.793459882248653,7.921756262535459
seq_1815,8.02583122253418,7.7738935574248575,7.899862389979519
seq_1816,8.05390739440918,7.847081132771623,7.950494263590402
seq_1817,8.042581558227539,7.7926577512362565,7.917619654731897
seq_1818,8.037758827209473,7.849335779765679,7.943547303487575
seq_1819,8.063631057739258,7.807009752646758,7.935320405193008
seq_1820,8.091968536376953,7.857814110032047,7.9748913232045
seq_1821,8.09586238861084,7.87795012507754,7.98690625684419
seq_1822,8.066389083862305,7.847744345732512,7.957066714797408
seq_1823,8.056007385253906,7.860633080317432,7.958320232785669
seq_1824,8.07917594909668,7.818608430721449,7.948892189909064
seq_1825,8.071454048156738,7.859638442254177,7.9655462452054575
seq_1826,7.978442668914795,7.822839100073119,7.900640884493956
seq_1827,8.079885482788086,7.844113812521769,7.9619996476549275
seq_1828,8.075847625732422,7.8403126962526315,7.958080160992527
seq_1829,8.036977767944336,7.858897962348152,7.947937865146244
seq_1830,8.03286075592041,7.846569449871437,7.939715102895923
seq_1831,8.0768461227417,7.84977101260493,7.963308567673314
seq_1832,8.039007186889648,7.9019766317013165,7.9704919092954825
seq_1833,8.017236709594727,7.84993904648862,7.933587878041673
seq_1834,8.049018859863281,7.728079822289818,7.8885493410765495
seq_1835,8.065674781799316,7.706858614747514,7.886266698273415
seq_1836,8.072270393371582,7.743755860679931,7.9080131270257565
seq_1837,8.070728302001953,7.749914359247974,7.910321330624964
seq_1838,8.051559448242188,7.732289762667074,7.891924605454631
seq_1839,8.067008972167969,7.755177440427261,7.911093206297615
seq_1840,8.066933631896973,7.772837576470055,7.919885604183514
seq_1841,8.069437026977539,7.724271675430765,7.896854351204152
seq_1842,8.077043533325195,7.820345985406958,7.948694759366077
seq_1843,8.056516647338867,7.714120732214794,7.885318689776831
seq_1844,8.079008102416992,7.742766915539555,7.9108875089782735
seq_1845,8.06026840209961,7.738172098317511,7.89922025020856
seq_1846,8.049474716186523,7.753645434733379,7.901560075459951
seq_1847,8.07939624786377,7.756507372806934,7.917951810335351
seq_1848,8.01162052154541,7.826329598639232,7.918975060092321
seq_1849,8.00468921661377,7.7398472516147985,7.872268234114284
seq_1850,8.056357383728027,7.7964521169185925,7.92640475032331
seq_1851,8.055294036865234,7.810359510072139,7.932826773468687
seq_1852,8.002145767211914,7.837974621660383,7.920060194436148
seq_1853,8.070905685424805,7.8667258160730835,7.968815750748944
seq_1854,8.052315711975098,7.833233402049264,7.94277455701218
seq_1855,8.134137153625488,7.869774696605817,8.001955925115652
seq_1856,8.112248420715332,7.887776440109194,8.000012430412262
seq_1857,8.065427780151367,7.860230503473373,7.96282914181237
seq_1858,8.070714950561523,7.880103862036769,7.975409406299146
seq_1859,8.083395957946777,7.861416612692238,7.972406285319508
seq_1860,8.06796646118164,7.863605922337934,7.965786191759787
seq_1861,8.01919174194336,7.884406818762351,7.951799280352855
seq_1862,8.031036376953125,7.824194533617832,7.927615455285478
seq_1863,8.035357475280762,7.8142388385455845,7.924798156913173
seq_1864,8.072603225708008,7.9107265556094015,7.991664890658704
seq_1865,8.065133094787598,7.978731522564188,8.021932308675893
seq_1866,8.048519134521484,7.820016044230163,7.934267589375824
seq_1867,8.024782180786133,7.855447911419377,7.940115046102755
seq_1868,8.154878616333008,7.675117171556227,7.9149978939446175
seq_1869,8.04198169708252,7.796110223046254,7.919045960064387
seq_1870,7.95428466796875,7.776573897911494,7.865429282940122
seq_1871,7.98799991607666,7.773959090240966,7.880979503158813
seq_1872,8.046632766723633,7.80006753341339,7.9233501500685115
seq_1873,8.074663162231445,7.864267592151931,7.969465377191688
seq_1874,8.046089172363281,7.834328763025789,7.940208967694535
seq_1875,8.085453033447266,7.774432116847078,7.929942575147171
seq_1876,8.064811706542969,7.734702198103363,7.899756952323166
seq_1877,8.049994468688965,7.819120160418813,7.934557314553889
seq_1878,8.071889877319336,7.871900562099236,7.971895219709285
seq_1879,8.091745376586914,7.763253802309402,7.927499589448158
seq_1880,8.062793731689453,7.811239301604342,7.937016516646898
seq_1881,8.14549446105957,7.7209191072868375,7.933206784173204
seq_1882,8.096248626708984,7.756447191808302,7.926347909258643
seq_1883,8.038268089294434,7.781609166547666,7.90993862792105
seq_1884,8.091402053833008,7.741389262680606,7.916395658256807
seq_1885,8.09499740600586,7.7518532088389485,7.923425307422404
seq_1886,8.102287292480469,7.806947710873567,7.954617501677018
seq_1887,8.065418243408203,7.761337716701236,7.91337798005472
seq_1888,8.096671104431152,7.782749360814222,7.939710232622687
seq_1889,8.034781455993652,7.865199530811141,7.949990493402397
seq_1890,8.033583641052246,7.848181821123429,7.940882731087838
seq_1891,8.07958984375,7.928870831147709,8.004230337448854
seq_1892,8.075064659118652,7.942783018944122,8.008923839031388
seq_1893,8.050314903259277,7.87029681161987,7.9603058574395735
seq_1894,8.031793594360352,7.903465117609066,7.967629355984709
seq_1895,8.08536434173584,7.856790921424246,7.971077631580043
seq_1896,8.044563293457031,7.858946360281447,7.951754826869239
seq_1897,7.9907684326171875,7.868994191776425,7.929881312196806
seq_1898,8.035100936889648,7.8480052126375375,7.941553074763593
seq_1899,8.04051399230957,7.857970537919139,7.949242265114355
seq_1900,8.065733909606934,7.904265508761885,7.984999709184409
seq_1901,8.043874740600586,7.860091784421979,7.951983262511282
seq_1902,8.058460235595703,7.878432250664039,7.968446243129871
seq_1903,8.017059326171875,7.955562968494611,7.986311147333243
seq_1904,8.045591354370117,7.861677857855605,7.95363460611286
seq_1905,8.021514892578125,7.796485680521945,7.909000286550035
seq_1906,8.031375885009766,7.765172242254942,7.898274063632353
seq_1907,8.04960823059082,7.832568251969528,7.941088241280174
seq_1908,8.072225570678711,7.870714614009206,7.971470092343958
seq_1909,8.0558500289917,7.786233677493225,7.921041853242462
seq_1910,8.033658981323242,7.846927444760542,7.940293213041892
seq_1911,8.078832626342773,7.7408033519139545,7.9098179891283635
seq_1912,8.046510696411133,7.775910754813953,7.911210725612543
seq_1913,8.035974502563477,7.783819046815371,7.9098967746894235
seq_1914,8.034099578857422,7.751216839260769,7.892658209059095
seq_1915,8.05617904663086,7.783164147173041,7.91967159690195
seq_1916,8.075689315795898,7.838038354776534,7.956863835286216
seq_1917,8.027460098266602,7.75354211603829,7.890501107152446
seq_1918,8.077683448791504,7.809863124999849,7.943773286895676
seq_1919,8.033392906188965,7.7949558449484755,7.91417437556872
seq_1920,8.037130355834961,7.782170150691503,7.909650253263232
seq_1921,8.053834915161133,7.872308657003996,7.963071786082565
seq_1922,8.036569595336914,7.833070376850184,7.934819986093549
seq_1923,8.083704948425293,7.881091405909574,7.9823981771674335
seq_1924,8.064693450927734,7.9073706460601985,7.986032048493966
seq_1925,8.056670188903809,7.846683389356515,7.951676789130161
seq_1926,8.076972961425781,7.887677123519081,7.982325042472431
seq_1927,8.110023498535156,7.712754500266856,7.911388999401006
seq_1928,8.038938522338867,7.838862276164614,7.93890039925174
seq_1929,8.037862777709961,7.803539068370393,7.920700923040177
seq_1930,8.024148941040039,7.837480339658967,7.930814640349503
seq_1931,8.049871444702148,7.843265541395418,7.946568493048783
seq_1932,8.100370407104492,7.877949181719208,7.98915979441185
seq_1933,8.056231498718262,7.853240429282851,7.954735964000556
seq_1934,8.075244903564453,7.870177701612269,7.972711302588361
seq_1935,7.983699798583984,7.791929573505302,7.887814686044643
seq_1936,8.003583908081055,7.779300483607619,7.891442195844337
seq_1937,8.012228965759277,7.7619945338927625,7.88711174982602
seq_1938,8.005216598510742,7.7306142434875635,7.867915420999153
seq_1939,8.005615234375,7.779049209105744,7.8923322217403715
seq_1940,8.140325546264648,7.908835182023136,8.024580364143892
seq_1941,7.964717864990234,7.800898771448877,7.882808318219556
seq_1942,8.098896026611328,7.818107979704235,7.958502003157782
seq_1943,8.084817886352539,7.887837185470718,7.986327535911629
seq_1944,7.969561576843262,7.804384630202994,7.886973103523128
seq_1945,8.026479721069336,7.842451249435027,7.934465485252181
seq_1946,8.085622787475586,7.862712887286092,7.974167837380839
seq_1947,7.951910972595215,7.822627154982422,7.8872690637888185
seq_1948,8.051017761230469,7.835152113524597,7.943084937377533
seq_1949,7.955191135406494,7.857010558365505,7.906100846886
seq_1950,8.044252395629883,7.848210803141271,7.946231599385577
seq_1951,8.035037994384766,7.833207997023616,7.934122995704191
seq_1952,8.042623519897461,7.799159564031498,7.92089154196448
seq_1953,8.043426513671875,7.82087848080563,7.932152497238753
seq_1954,8.024020195007324,7.791106986954395,7.9075635909808595
seq_1955,8.010194778442383,7.834148477036298,7.92217162773934
seq_1956,8.027067184448242,7.81612132953688,7.921594256992561
seq_1957,7.998618125915527,7.811085833107361,7.904851979511444
seq_1958,7.981930732727051,7.804397444338748,7.893164088532899
seq_1959,8.022424697875977,7.860946939272445,7.941685818574211
seq_1960,8.009739875793457,7.82716601413569,7.9184529449645735
seq_1961,8.023581504821777,7.799462976184248,7.911522240503013
seq_1962,8.049835205078125,7.850986649693441,7.950410927385783
seq_1963,8.05886459350586,7.860478616936566,7.959671605221213
seq_1964,8.038339614868164,7.8139252950240214,7.926132454946092
seq_1965,8.016000747680664,7.846481326808213,7.931241037244439
seq_1966,8.054098129272461,7.869478264389062,7.961788196830762
seq_1967,8.026214599609375,7.795150210896047,7.910682405252711
seq_1968,8.000621795654297,7.851471625564143,7.92604671060922
seq_1969,8.02157211303711,7.784042930332838,7.902807521684974
seq_1970,8.034457206726074,7.800506023191666,7.91748161495887
seq_1971,8.052824974060059,7.875388805376366,7.964106889718212
seq_1972,8.03058910369873,7.816401656825177,7.923495380261954
seq_1973,8.036842346191406,7.851771933001066,7.944307139596236
seq_1974,8.032042503356934,7.923979523987598,7.9780110136722655
seq_1975,8.021978378295898,7.8447844205201225,7.9333813994080105
seq_1976,8.035379409790039,7.829866132235648,7.932622771012843
seq_1977,8.026291847229004,7.813338563611494,7.9198152054202495
seq_1978,8.062479019165039,7.830241769052753,7.946360394108896
seq_1979,8.028281211853027,7.850351012409886,7.939316112131457
seq_1980,8.011494636535645,7.83858450358448,7.925039570060062
seq_1981,8.052544593811035,7.940378726122699,7.996461659966867
seq_1982,8.047967910766602,7.97552258616515,8.011745248465875
seq_1983,8.018733024597168,7.843133451551676,7.930933238074422
seq_1984,8.033653259277344,7.895395637273415,7.964524448275379
seq_1985,8.02938461303711,7.775974742495103,7.902679677766106
seq_1986,8.036211013793945,7.836650181609764,7.936430597701855
seq_1987,7.943325042724609,7.804845677714549,7.8740853602195795
seq_1988,8.025179862976074,7.821018983297674,7.923099423136874
seq_1989,8.019376754760742,7.8443808341562455,7.931878794458494
seq_1990,8.022583961486816,7.867966480939115,7.945275221212966
seq_1991,8.029147148132324,7.845407938476743,7.937277543304534
seq_1992,8.000324249267578,7.807360569031276,7.903842409149427
seq_1993,8.120414733886719,7.880024770676947,8.000219752281833
seq_1994,8.102843284606934,7.893651347663664,7.9982473161352985
seq_1995,8.040350914001465,7.830420802168048,7.935385858084756
seq_1996,8.021284103393555,7.846326904595715,7.933805503994635
seq_1997,8.090536117553711,7.795033530054072,7.942784823803891
seq_1998,8.054361343383789,7.82650260323153,7.94043197330766
seq_1999,7.97499418258667,7.820036275709601,7.897515229148135
seq_2000,8.032291412353516,7.802991680105425,7.91764154622947
seq_2001,8.036478042602539,7.827224562305039,7.931851302453789
seq_2002,8.057238578796387,7.864928164604308,7.961083371700347
seq_2003,8.065069198608398,7.833944495189142,7.94950684689877
seq_2004,8.060279846191406,7.860782543240068,7.960531194715737
seq_2005,8.019847869873047,7.884914079990887,7.952380974931967
seq_2006,8.06706428527832,7.865533584750185,7.966298935014253
seq_2007,8.034828186035156,7.805295523163363,7.920061854599259
seq_2008,8.039909362792969,7.833617838567088,7.936763600680028
seq_2009,8.052568435668945,7.846284221890462,7.949426328779704
seq_2010,8.072826385498047,7.818833491721305,7.945829938609676
seq_2011,8.112399101257324,7.85844672773578,7.985422914496552
seq_2012,8.100848197937012,7.831146439192188,7.9659973185646
seq_2013,8.065714836120605,7.854728831807664,7.960221833964135
seq_2014,8.090079307556152,7.857383294010361,7.973731300783257
seq_2015,8.100427627563477,7.852465791897949,7.976446709730713
seq_2016,8.073064804077148,7.8279916691413405,7.9505282366092445
seq_2017,8.04426383972168,7.788023268734215,7.916143554227947
seq_2018,8.089930534362793,7.824289848302744,7.957110191332768
seq_2019,8.055163383483887,7.824842371947447,7.940002877715667
seq_2020,8.072585105895996,7.856444908053348,7.964515006974672
seq_2021,8.076274871826172,7.8543729818767165,7.965323926851444
seq_2022,8.065783500671387,7.820622080693152,7.943202790682269
seq_2023,8.084257125854492,7.861115717219784,7.972686421537138
seq_2024,8.06627368927002,7.820416888162599,7.943345288716309
seq_2025,8.069496154785156,7.8254149105103465,7.947455532647751
seq_2026,8.080232620239258,7.849501493324097,7.964867056781678
seq_2027,8.091484069824219,7.844344575681587,7.967914322752903
seq_2028,8.093883514404297,7.850557211717966,7.9722203630611315
seq_2029,8.104948997497559,7.912400251911436,8.008674624704497
seq_2030,8.059946060180664,7.866832537637716,7.96338929890919
seq_2031,8.03786849975586,7.843504473401846,7.940686486578853
seq_2032,8.035008430480957,7.836211335409953,7.935609882945455
seq_2033,8.045431137084961,7.871663954467848,7.958547545776405
seq_2034,8.033685684204102,7.841654601409811,7.937670142806956
seq_2035,8.025188446044922,7.880554878749067,7.952871662396994
seq_2036,8.028414726257324,7.863521516403906,7.9459681213306155
seq_2037,8.025472640991211,7.859584971338453,7.942528806164832
seq_2038,8.029562950134277,7.864153116211893,7.946858033173085
seq_2039,8.033792495727539,7.851872176216725,7.942832335972132
seq_2040,8.039192199707031,7.856099588417829,7.94764589406243
seq_2041,8.027212142944336,7.868497134131978,7.947854638538157
seq_2042,8.0392427444458,7.843683834035746,7.941463289240773
seq_2043,8.037382125854492,7.816501976778969,7.926942051316731
seq_2044,8.048002243041992,7.835490903519052,7.941746573280522
seq_2045,8.036216735839844,7.866887975471842,7.951552355655843
seq_2046,8.028324127197266,7.819216333311054,7.92377023025416
seq_2047,8.039473533630371,7.851654168004808,7.94556385081759
seq_2048,8.041996002197266,7.82552872865729,7.9337623654272775
seq_2049,8.052488327026367,7.832206972641904,7.942347649834136
seq_2050,8.046897888183594,7.830207524363734,7.938552706273664
seq_2051,8.048871994018555,7.819255173495449,7.934063583757002
seq_2052,8.039894104003906,7.829643637904844,7.934768870954375
seq_2053,8.043713569641113,7.854194546564891,7.948954058103002
seq_2054,8.071870803833008,7.832650160039224,7.952260481936116
seq_2055,8.049663543701172,7.8391095938087085,7.94438656875494
seq_2056,8.064620018005371,7.900805882241076,7.982712950123224
seq_2057,8.05229377746582,7.854570899357607,7.953432338411714
seq_2058,8.04848575592041,7.824409677099736,7.936447716510073
seq_2059,8.048575401306152,7.844221847511546,7.946398624408849
seq_2060,8.045266151428223,7.88600428018003,7.965635215804126
seq_2061,8.043437957763672,7.845573696602866,7.944505827183269
seq_2062,8.056439399719238,7.869671782750576,7.963055591234907
seq_2063,8.090010643005371,7.809592378297658,7.949801510651515
seq_2064,8.043985366821289,7.851049206213437,7.947517286517363
seq_2065,8.032670974731445,7.81042670673478,7.921548840733113
seq_2066,8.042808532714844,7.845560280710212,7.9441844067125285
seq_2067,8.024195671081543,7.835404152579894,7.9297999118307185
seq_2068,8.052093505859375,7.8515699379686215,7.951831721913998
seq_2069,8.063016891479492,7.8415433733449005,7.952280132412197
seq_2070,8.063398361206055,7.838142024096859,7.950770192651457
seq_2071,8.053437232971191,7.824236808963641,7.938837020967416
seq_2072,8.050497055053711,7.842551981826351,7.946524518440031
seq_2073,8.037247657775879,7.8676788417599965,7.952463249767938
seq_2074,8.037418365478516,7.818568879902592,7.927993622690554
seq_2075,8.052032470703125,7.855004006271921,7.953518238487523
seq_2076,8.09940242767334,7.802432069381232,7.950917248527286
seq_2077,8.057089805603027,7.82606915956314,7.941579482583084
seq_2078,8.016167640686035,7.792590441783345,7.90437904123469
seq_2079,8.052909851074219,7.816031892878877,7.934470871976548
seq_2080,8.046232223510742,7.820118188635899,7.9331752060733205
seq_2081,8.004768371582031,7.812553443442835,7.908660907512433
seq_2082,7.993654727935791,7.801341096867122,7.897497912401457
seq_2083,8.028952598571777,7.8882191492953835,7.958585873933581
seq_2084,8.015995025634766,7.922288860509124,7.969141943071945
seq_2085,8.00399398803711,7.786534213382594,7.895264100709852
seq_2086,8.018155097961426,7.834304032775163,7.926229565368295
seq_2087,8.076702117919922,7.683124643747865,7.8799133808338935
seq_2088,8.011746406555176,7.792992762231293,7.9023695843932344
seq_2089,7.9988694190979,7.7420970528651125,7.8704832359815065
seq_2090,8.00430679321289,7.783631051587726,7.893968922400308
seq_2091,8.00963020324707,7.793627938269628,7.901629070758349
seq_2092,8.034109115600586,7.828792792629814,7.9314509541152
seq_2093,8.03767204284668,7.780372965385299,7.909022504115989
seq_2094,8.03692626953125,7.811264883365247,7.924095576448249
seq_2095,8.04532241821289,7.839950349608335,7.942636383910613
seq_2096,8.03537368774414,7.7634818555986875,7.899427771671414
seq_2097,8.017690658569336,7.817790994682477,7.917740826625907
seq_2098,8.02076244354248,7.821646777946942,7.921204610744711
seq_2099,8.043123245239258,7.832784609916239,7.937953927577748
seq_2100,8.037093162536621,7.840325679208316,7.938709420872469
seq_2101,8.042749404907227,7.824534166971185,7.933641785939206
seq_2102,8.061803817749023,7.832754022884446,7.947278920316735
seq_2103,8.0543212890625,7.841570475413038,7.947945882237769
seq_2104,8.042041778564453,7.818148320606717,7.930095049585585
seq_2105,8.038236618041992,7.81916274936145,7.928699683701721
seq_2106,8.045473098754883,7.835914062246287,7.940693580500585
seq_2107,8.069581985473633,7.852386613048557,7.960984299261095
seq_2108,8.034379959106445,7.836210869452,7.9352954142792225
seq_2109,8.065530776977539,7.855442003710711,7.9604863903441245
seq_2110,8.039249420166016,7.837802278500892,7.938525849333454
seq_2111,8.053203582763672,7.847812377731133,7.950507980247402
seq_2112,8.042287826538086,7.806828328577084,7.924558077557585
seq_2113,8.012460708618164,7.828439413802574,7.920450061210369
seq_2114,8.029824256896973,7.822232599127925,7.926028428012449
seq_2115,8.039846420288086,7.852621718426761,7.946234069357423
seq_2116,8.039617538452148,7.835520603627051,7.9375690710396
seq_2117,8.048815727233887,7.854697125547039,7.951756426390463
seq_2118,8.07264518737793,7.850494976629763,7.961570082003846
seq_2119,8.038389205932617,7.858275639808946,7.948332422870782
seq_2120,8.033769607543945,7.834659817694677,7.934214712619311
seq_2121,8.047042846679688,7.83445243516662,7.940747640923154
seq_2122,8.033206939697266,7.7691618972473115,7.901184418472289
seq_2123,8.017326354980469,7.824563772409888,7.920945063695179
seq_2124,8.020663261413574,7.835461555147981,7.928062408280778
seq_2125,8.055683135986328,7.8325167633203705,7.944099949653349
seq_2126,8.049959182739258,7.834079078162356,7.942019130450807
seq_2127,8.065220832824707,7.8479335753074455,7.956577204066076
seq_2128,8.056530952453613,7.863850067139983,7.9601905097967975
seq_2129,8.0374755859375,7.851587099045745,7.944531342491622
seq_2130,8.03571891784668,7.849669790847875,7.942694354347277
seq_2131,8.02751350402832,7.80108697327815,7.914300238653235
seq_2132,8.028524398803711,7.83853657366641,7.93353048623506
seq_2133,8.024434089660645,7.8278582025266905,7.926146146093668
seq_2134,8.063189506530762,7.858618794852374,7.960904150691568
seq_2135,8.040512084960938,7.851786891153434,7.946149488057186
seq_2136,8.06411361694336,7.883200356600774,7.973656986772067
seq_2137,8.058881759643555,7.847652228654052,7.9532669941488034
seq_2138,8.029614448547363,7.857759219581624,7.9436868340644935
seq_2139,8.014422416687012,7.8497913631713185,7.932106889929165
seq_2140,8.003800392150879,7.816284209614934,7.910042300882907
seq_2141,7.999948501586914,7.834774108092564,7.917361304839739
seq_2142,7.999784469604492,7.837658316880264,7.918721393242378
seq_2143,8.004369735717773,7.817604747247815,7.910987241482794
seq_2144,8.049623489379883,7.831897559974289,7.940760524677086
seq_2145,8.013688087463379,7.795723192351076,7.9047056399072275
seq_2146,8.033576965332031,7.835866207721154,7.934721586526592
seq_2147,8.031460762023926,7.861222556803883,7.946341659413904
seq_2148,8.008852005004883,7.812285065426281,7.910568535215582
seq_2149,8.039705276489258,7.833220524058221,7.936462900273739
seq_2150,8.045914649963379,7.814266337285231,7.930090493624305
seq_2151,8.027664184570312,7.836650481040193,7.932157332805253
seq_2152,8.049616813659668,7.8253873788742325,7.93750209626695
seq_2153,8.014814376831055,7.825148937592898,7.919981657211976
seq_2154,8.01284408569336,7.809924581972458,7.911384333832909
seq_2155,8.047301292419434,7.850885388761766,7.9490933405906
seq_2156,8.034141540527344,7.836291622775329,7.9352165816513365
seq_2157,8.041600227355957,7.8440831464943575,7.942841686925157
seq_2158,8.060598373413086,7.89818601504054,7.979392194226813
seq_2159,8.032478332519531,7.827154011795915,7.929816172157723
seq_2160,8.060199737548828,7.824349908058553,7.94227482280369
seq_2161,8.01961898803711,7.808359412682412,7.913989200359761
seq_2162,8.026323318481445,7.814166153827836,7.920244736154641
seq_2163,8.029509544372559,7.821348571066031,7.925429057719295
seq_2164,8.01065731048584,7.807205561418963,7.908931435952401
seq_2165,8.041424751281738,7.8182207969994355,7.929822774140587
seq_2166,8.03162956237793,7.823375003967355,7.927502283172642
seq_2167,8.023994445800781,7.82559578681616,7.92479511630847
seq_2168,8.057321548461914,7.839866064410307,7.948593806436111
seq_2169,8.021385192871094,7.819567034727329,7.920476113799211
seq_2170,8.031609535217285,7.8200594459817205,7.925834490599502
seq_2171,8.039115905761719,7.832213904750666,7.935664905256193
seq_2172,8.032464981079102,7.8235379341193205,7.928001457599211
seq_2173,8.040332794189453,7.827589839317522,7.9339613167534875
seq_2174,8.057729721069336,7.8635173102062,7.960623515637768
seq_2175,8.040690422058105,7.827433592388953,7.934062007223529
seq_2176,8.041962623596191,7.832638218496931,7.937300421046562
seq_2177,8.035059928894043,7.826660668384182,7.930860298639113
seq_2178,8.064685821533203,7.871513342467013,7.968099582000108
seq_2179,8.047521591186523,7.896486845718302,7.972004218452413
seq_2180,8.038817405700684,7.842333710691413,7.940575558196048
seq_2181,8.064889907836914,7.828462694108955,7.946676300972935
seq_2182,8.089605331420898,7.788501224420083,7.9390532779204905
seq_2183,8.025123596191406,7.858386417899535,7.9417550070454705
seq_2184,8.042430877685547,7.787949189624541,7.915190033655044
seq_2185,8.026773452758789,7.846157005069307,7.936465228914048
seq_2186,8.031978607177734,7.828924730268827,7.930451668723281
seq_2187,8.078753471374512,7.8507881294686594,7.964770800421586
seq_2188,8.058441162109375,7.805236870300174,7.9318390162047745
seq_2189,8.071757316589355,7.841235770505701,7.956496543547528
seq_2190,8.084052085876465,7.861325916561246,7.972689001218855
seq_2191,8.057130813598633,7.844647360652665,7.950889087125649
seq_2192,8.030475616455078,7.762822245090117,7.8966489307725976
seq_2193,8.064697265625,7.744197374713171,7.904447320169085
seq_2194,8.064725875854492,7.814980103702369,7.93985298977843
seq_2195,8.055122375488281,7.839174980643705,7.947148678065993
seq_2196,8.054459571838379,7.842122401716885,7.948290986777632
seq_2197,8.081832885742188,7.833478264695323,7.957655575218755
seq_2198,8.068380355834961,7.833845635722011,7.951112995778486
seq_2199,8.033893585205078,7.83598183582648,7.934937710515779
seq_2200,8.092642784118652,7.86198459048577,7.977313687302211
seq_2201,8.081815719604492,7.843733842089465,7.962774780846979
seq_2202,8.009065628051758,7.834842997652696,7.921954312852227
seq_2203,8.090198516845703,7.868811447936574,7.979504982391139
seq_2204,8.014028549194336,7.8339601121510825,7.923994330672709
seq_2205,8.035472869873047,7.837875849492352,7.9366743596827
seq_2206,8.094459533691406,7.852667214048898,7.973563373870152
seq_2207,8.070586204528809,7.829745912142386,7.950166058335597
seq_2208,8.082192420959473,7.842159445133458,7.962175933046465
seq_2209,8.099601745605469,7.877792649446215,7.988697197525842
seq_2210,8.074186325073242,7.835558314962732,7.954872320017987
seq_2211,8.071442604064941,7.828505141086495,7.949973872575718
seq_2212,8.034001350402832,7.838778210858241,7.936389780630536
seq_2213,8.057759284973145,7.8257833860846295,7.9417713355288875
seq_2214,8.070096015930176,7.854904619790357,7.9625003178602665
seq_2215,8.066940307617188,7.8699423379321,7.968441322774644
seq_2216,8.070780754089355,7.832379127242614,7.951579940665985
seq_2217,8.065696716308594,7.836969786189091,7.951333251248842
seq_2218,8.057870864868164,7.866397421105219,7.962134142986692
seq_2219,8.094673156738281,7.859358601924178,7.97701587933123
seq_2220,8.088743209838867,7.841706942334072,7.96522507608647
seq_2221,8.069210052490234,7.851522487027495,7.960366269758865
seq_2222,8.05577278137207,7.8455843368181775,7.950678559095124
seq_2223,8.074175834655762,7.854915832966197,7.96454583381098
seq_2224,8.065553665161133,7.861568897837559,7.963561281499346
seq_2225,8.090423583984375,7.825040802865155,7.957732193424765
seq_2226,8.080060005187988,7.830663422194928,7.955361713691458
seq_2227,8.046534538269043,7.836258104352595,7.941396321310819
seq_2228,8.084379196166992,7.856368029014154,7.970373612590573
seq_2229,8.080446243286133,7.850270206928255,7.9653582251071935
seq_2230,8.062304496765137,7.846361551646334,7.954333024205735
seq_2231,8.064704895019531,7.85532334495497,7.9600141199872505
seq_2232,8.048968315124512,7.85878749562114,7.953877905372826
seq_2233,8.065741539001465,7.8593717189661,7.962556628983783
seq_2234,8.01588249206543,7.842995113631484,7.929438802848457
seq_2235,8.026116371154785,7.853569875318588,7.939843123236686
seq_2236,8.053620338439941,7.842941623045563,7.948280980742752
seq_2237,7.995500564575195,7.8136148543701225,7.904557709472659
seq_2238,8.040604591369629,7.827534469054223,7.934069530211926
seq_2239,7.978371620178223,7.830036806545786,7.9042042133620045
seq_2240,7.970776081085205,7.827646670253389,7.899211375669298
seq_2241,8.017936706542969,7.824626092689955,7.921281399616461
seq_2242,7.98809289932251,7.809624247580566,7.8988585734515375
seq_2243,8.040007591247559,7.840004450844493,7.940006021046026
seq_2244,8.049795150756836,7.812095661302401,7.930945406029618
seq_2245,8.047365188598633,7.847315891455288,7.9473405400269606
seq_2246,8.038246154785156,7.850410089671106,7.944328122228131
seq_2247,8.027856826782227,7.8345132149169725,7.9311850208495995
seq_2248,8.056026458740234,7.858543755930301,7.9572851073352675
seq_2249,8.082881927490234,7.825236865903998,7.954059396697116
seq_2250,8.028465270996094,7.836281724163794,7.932373497579944
seq_2251,8.043219566345215,7.806254091402586,7.9247368288739
seq_2252,8.026870727539062,7.823680311327667,7.925275519433365
seq_2253,8.02544116973877,7.82479366754608,7.925117418642425
seq_2254,8.064111709594727,7.85361250339623,7.958862106495478
seq_2255,8.037837982177734,7.827363517597252,7.932600749887493
seq_2256,8.053114891052246,7.841034116267691,7.947074503659969
seq_2257,8.084644317626953,7.903190752667779,7.993917535147366
seq_2258,8.045265197753906,7.846367299284207,7.945816248519057
seq_2259,8.050865173339844,7.843296638469174,7.947080905904508
seq_2260,8.057644844055176,7.837027068981342,7.947335956518259
seq_2261,8.046337127685547,7.8361080482794545,7.941222587982501
seq_2262,8.036758422851562,7.851152520119175,7.943955471485369
seq_2263,8.050640106201172,7.832977608338402,7.941808857269788
seq_2264,8.05882453918457,7.868174506313229,7.9634995227489
seq_2265,8.077615737915039,7.816025720467513,7.946820729191276
seq_2266,8.038274765014648,7.825893047253027,7.932083906133838
seq_2267,8.023361206054688,7.806693277028842,7.915027241541765
seq_2268,8.037554740905762,7.818432424802744,7.927993582854253
seq_2269,8.041568756103516,7.828713251814232,7.935141003958874
seq_2270,8.058929443359375,7.84426933705311,7.951599390206242
seq_2271,8.054851531982422,7.828983488295525,7.941917510138973
seq_2272,8.050090789794922,7.839280641055277,7.944685715425099
seq_2273,8.069501876831055,7.899652995336838,7.9845774360839465
seq_2274,8.01961898803711,7.782718953473621,7.901168970755365
seq_2275,8.015856742858887,7.796832715038082,7.9063447289484845
seq_2276,8.005779266357422,7.776940981556134,7.891360123956778
seq_2277,8.014217376708984,7.808773605374318,7.911495491041651
seq_2278,8.029600143432617,7.795452327688412,7.912526235560515
seq_2279,8.030481338500977,7.795705857403324,7.91309359795215
seq_2280,8.050581932067871,7.731681813370563,7.8911318727192175
seq_2281,8.01832389831543,7.787515559136798,7.902919728726114
seq_2282,7.988790035247803,7.7684356449742324,7.878612840111018
seq_2283,8.018278121948242,7.7880480647351025,7.903163093341672
seq_2284,8.019071578979492,7.788571740792834,7.903821659886163
seq_2285,8.023455619812012,7.785831521228186,7.904643570520099
seq_2286,8.022475242614746,7.770800126702532,7.896637684658639
seq_2287,8.028839111328125,7.783896553282441,7.906367832305283
seq_2288,8.051620483398438,7.858319562846544,7.954970023122491
seq_2289,8.040563583374023,7.805445418261005,7.923004500817514
seq_2290,8.042163848876953,7.829785439091,7.935974643983977
seq_2291,8.03558349609375,7.819957993277698,7.9277707446857235
seq_2292,8.0457181930542,7.810709564954381,7.92821387900429
seq_2293,8.061805725097656,7.865382428244877,7.963594076671267
seq_2294,8.057723999023438,7.844708308998873,7.9512161540111554
seq_2295,8.042634010314941,7.831243316358884,7.936938663336912
seq_2296,8.049714088439941,7.871524644747835,7.960619366593888
seq_2297,8.035358428955078,7.8316593440193145,7.933508886487196
seq_2298,8.042718887329102,7.841090867217193,7.9419048772731475
seq_2299,8.05648422241211,7.859867487583777,7.958175854997943
seq_2300,8.069770812988281,7.858573998886444,7.964172405937362
seq_2301,8.051305770874023,7.8494285433059945,7.9503671570900085
seq_2302,8.065982818603516,7.873665708404431,7.969824263503973
seq_2303,8.058980941772461,7.877562380394599,7.96827166108353
seq_2304,8.062586784362793,7.86760188037936,7.965094332371077
seq_2305,8.03831672668457,7.808188520410749,7.9232526235476595
seq_2306,8.046783447265625,7.794312637970352,7.920548042617988
seq_2307,8.01842975616455,7.797408245835345,7.907919000999948
seq_2308,8.01214599609375,7.815262527980016,7.913704262036883
seq_2309,8.065908432006836,7.7927412010383925,7.929324816522614
seq_2310,8.03142261505127,7.824506777039806,7.927964696045538
seq_2311,8.06154727935791,7.80140516505465,7.93147622220628
seq_2312,8.056556701660156,7.788907510341575,7.922732106000866
seq_2313,7.993829727172852,7.827539755189333,7.910684741181092
seq_2314,8.05065631866455,7.788853272733354,7.919754795698952
seq_2315,8.047977447509766,7.807347730879538,7.927662589194652
seq_2316,8.028528213500977,7.828770858128744,7.92864953581486
seq_2317,8.047098159790039,7.8876986604414805,7.967398410115759
seq_2318,8.054075241088867,7.852520700865621,7.9532979709772444
seq_2319,8.051098823547363,7.875594548965459,7.963346686256411
seq_2320,8.055054664611816,7.877763273743481,7.966408969177649
seq_2321,8.034564971923828,7.829984288513403,7.932274630218616
seq_2322,8.066919326782227,7.90875115471192,7.987835240747073
seq_2323,8.049312591552734,7.868143424968316,7.958728008260525
seq_2324,8.053544044494629,7.855635558868996,7.954589801681813
seq_2325,8.055575370788574,7.90061961070713,7.978097490747852
seq_2326,8.058280944824219,7.848349180153381,7.9533150624888
seq_2327,8.0665922164917,7.817186413513589,7.941889315002644
seq_2328,8.059516906738281,7.869681972837791,7.964599439788036
seq_2329,8.059025764465332,7.878827235403364,7.968926499934348
seq_2330,8.08912467956543,7.8277666950113085,7.9584456872883695
seq_2331,8.076908111572266,7.871669430191707,7.974288770881986
seq_2332,8.091595649719238,7.802244179867527,7.946919914793383
seq_2333,8.08257007598877,7.833162698224214,7.957866387106492
seq_2334,8.012362480163574,7.794589198811579,7.903475839487577
seq_2335,8.025391578674316,7.771446409544524,7.89841899410942
seq_2336,8.047874450683594,7.8446036102368915,7.946239030460243
seq_2337,8.044401168823242,7.915839918679069,7.9801205437511555
seq_2338,8.04373550415039,7.737839503535895,7.890787503843143
seq_2339,8.041749954223633,7.860675129839967,7.9512125420318
seq_2340,8.038820266723633,7.713473606847879,7.876146936785756
seq_2341,8.037003517150879,7.7334051359386855,7.885204326544782
seq_2342,8.008228302001953,7.790246916359341,7.899237609180647
seq_2343,8.037972450256348,7.717194745979874,7.877583598118111
seq_2344,8.032672882080078,7.764282029146353,7.898477455613215
seq_2345,8.040410995483398,7.79616880306528,7.918289899274339
seq_2346,8.033103942871094,7.81151140124204,7.922307672056567
seq_2347,8.042620658874512,7.805734161655236,7.924177410264874
seq_2348,8.03709888458252,7.8231286755483715,7.9301137800654455
seq_2349,8.0269193649292,7.800327140230588,7.913623252579894
seq_2350,8.016630172729492,7.786281670243583,7.901455921486537
seq_2351,8.03884506225586,7.762299550653498,7.900572306454679
seq_2352,8.053877830505371,7.7555159171525565,7.904696873828964
seq_2353,8.030912399291992,7.7467754274046055,7.888843913348299
seq_2354,8.074493408203125,7.8182959207733,7.946394664488213
seq_2355,8.07193374633789,7.834416375618606,7.953175060978248
seq_2356,8.070632934570312,7.857967355910687,7.9643001452405
seq_2357,8.066200256347656,7.88006816919348,7.973134212770568
seq_2358,8.068169593811035,7.833487381006589,7.9508284874088115
seq_2359,8.061996459960938,7.851184117620905,7.956590288790921
seq_2360,8.056781768798828,7.858383596859216,7.957582682829022
seq_2361,8.063180923461914,7.84989523979437,7.956538081628143
seq_2362,8.080633163452148,7.8449344333473245,7.9627837983997365
seq_2363,8.083597183227539,7.815807877199219,7.949702530213379
seq_2364,8.084997177124023,7.8329945648821395,7.958995871003081
seq_2365,8.047489166259766,7.8622537966129595,7.954871481436363
seq_2366,8.045223236083984,7.888293329464355,7.96675828277417
seq_2367,8.068533897399902,7.895278918484789,7.981906407942345
seq_2368,8.052621841430664,7.883659707750845,7.968140774590754
seq_2369,8.055455207824707,7.890774988221027,7.973115098022867
seq_2370,8.056899070739746,7.901771165927784,7.979335118333765
seq_2371,8.05112075805664,7.900173194218912,7.975646976137776
seq_2372,8.053544998168945,7.879731488434153,7.966638243301549
seq_2373,8.067173957824707,7.817160166997932,7.94216706241132
seq_2374,8.053794860839844,7.8495861378713805,7.951690499355612
seq_2375,8.037047386169434,7.813651512049962,7.925349449109698
seq_2376,8.033917427062988,7.863516194291951,7.948716810677469
seq_2377,8.026004791259766,7.823271209612853,7.9246380004363095
seq_2378,8.030925750732422,7.814463400393317,7.922694575562869
seq_2379,8.051645278930664,7.799411327282863,7.925528303106764
seq_2380,8.048063278198242,7.788830582930707,7.918446930564475
seq_2381,8.049182891845703,7.806515336936801,7.927849114391252
seq_2382,8.06407356262207,7.812049619878049,7.93806159125006
seq_2383,8.061561584472656,7.828338640158741,7.9449501123156985
seq_2384,8.01449966430664,7.790153935556778,7.902326799931709
seq_2385,8.015058517456055,7.779098509819834,7.897078513637944
seq_2386,8.020447731018066,7.793778724526787,7.9071132277724265
seq_2387,8.039119720458984,7.782605933658429,7.910862827058707
seq_2388,8.023078918457031,7.788647272100336,7.905863095278684
seq_2389,8.050704956054688,7.841597701175758,7.9461513286152226
seq_2390,8.04515266418457,7.836086954909277,7.940619809546924
seq_2391,8.062076568603516,7.814586125612516,7.938331347108016
seq_2392,8.049558639526367,7.843652450021193,7.94660554477378
seq_2393,8.029847145080566,7.839061431812145,7.934454288446355
seq_2394,8.041389465332031,7.810155020905479,7.925772243118756
seq_2395,8.032480239868164,7.848580964065822,7.940530601966993
seq_2396,8.01151180267334,7.822816906577139,7.917164354625239
seq_2397,8.01361083984375,7.846605778940962,7.930108309392356
seq_2398,7.990242958068848,7.817182981472401,7.903712969770624
seq_2399,8.020599365234375,7.830492075516523,7.92554572037545
seq_2400,7.9983625411987305,7.823642075295874,7.911002308247302
seq_2401,8.016505241394043,7.834492720712367,7.925498981053205
seq_2402,8.010732650756836,7.828556487034334,7.919644568895585
seq_2403,8.025054931640625,7.864519777100693,7.944787354370659
seq_2404,7.981047630310059,7.810532315440138,7.895789972875098
seq_2405,8.002056121826172,7.8292533274871,7.915654724656636
seq_2406,8.016708374023438,7.835002301584094,7.925855337803766
seq_2407,8.027727127075195,7.81998462815632,7.9238558776157575
seq_2408,8.033014297485352,7.84951842836325,7.941266362924301
seq_2409,8.077488899230957,7.845033644836832,7.961261272033894
seq_2410,8.056377410888672,7.857270446304901,7.956823928596787
seq_2411,8.064981460571289,7.844245504338311,7.9546134824548
seq_2412,8.041616439819336,7.841425780144384,7.94152110998186
seq_2413,8.047359466552734,7.835969839132912,7.941664652842823
seq_2414,8.068449020385742,7.86355578134856,7.966002400867151
seq_2415,8.029056549072266,7.850845037334697,7.939950793203481
seq_2416,8.053998947143555,7.84749971334503,7.950749330244292
seq_2417,8.084222793579102,7.90240893293023,7.993315863254666
seq_2418,8.055989265441895,7.8659182199584965,7.9609537427001955
seq_2419,8.062074661254883,7.861611297382696,7.9618429793187895
seq_2420,8.053510665893555,7.859074853296434,7.956292759594994
seq_2421,8.060415267944336,7.808050638834148,7.934232953389242
seq_2422,8.078832626342773,7.849073224478634,7.9639529254107035
seq_2423,8.054207801818848,7.843969780563295,7.9490887911910715
seq_2424,8.088144302368164,7.854302827615863,7.971223564992013
seq_2425,8.077757835388184,7.829855425045036,7.95380663021661
seq_2426,8.07533073425293,7.8532204950824624,7.964275614667696
seq_2427,8.075165748596191,7.880375224919154,7.977770486757673
seq_2428,8.079981803894043,7.854320159513515,7.967150981703779
seq_2429,8.08340835571289,7.855824588548815,7.969616472130853
seq_2430,8.068683624267578,7.854151379143389,7.961417501705483
seq_2431,8.061169624328613,7.821205919944624,7.941187772136619
seq_2432,8.060312271118164,7.851224338273742,7.955768304695953
seq_2433,8.058290481567383,7.840809219171377,7.9495498503693796
seq_2434,8.077181816101074,7.857700232503305,7.96744102430219
seq_2435,8.065624237060547,7.858470834039606,7.962047535550076
seq_2436,8.073443412780762,7.8461696860508745,7.959806549415818
seq_2437,8.077345848083496,7.875506586187694,7.976426217135595
seq_2438,8.072458267211914,7.850422648181042,7.961440457696478
seq_2439,8.081360816955566,7.8451025904260625,7.9632317036908145
seq_2440,8.067816734313965,7.858705615986069,7.963261175150016
seq_2441,8.051797866821289,7.856803256051979,7.954300561436634
seq_2442,8.062193870544434,7.88463253879579,7.973413204670112
seq_2443,8.059236526489258,7.758644118363712,7.908940322426485
seq_2444,8.063819885253906,7.7547851334297055,7.909302509341806
seq_2445,8.095322608947754,7.704637584955897,7.8999800969518255
seq_2446,8.075488090515137,7.767707519436437,7.921597804975787
seq_2447,8.056659698486328,7.747889565975434,7.902274632230881
seq_2448,8.064044952392578,7.7572933207123835,7.910669136552481
seq_2449,8.05844497680664,7.752131472334796,7.905288224570718
seq_2450,8.087353706359863,7.77637465251722,7.931864179438541
seq_2451,8.076332092285156,7.750075942133617,7.913204017209386
seq_2452,8.073851585388184,7.760031338133275,7.916941461760729
seq_2453,8.082155227661133,7.787076613297049,7.934615920479091
seq_2454,8.069042205810547,7.770187671560144,7.919614938685346
seq_2455,8.074092864990234,7.763982239706385,7.91903755234831
seq_2456,8.06080150604248,7.765098323794737,7.912949914918609
seq_2457,8.063685417175293,7.735715684082038,7.8997005506286655
seq_2458,8.070748329162598,7.763659390685294,7.917203859923946
seq_2459,8.022719383239746,7.855435667243838,7.939077525241792
seq_2460,8.04580307006836,7.831000708006671,7.9384018890375145
seq_2461,8.057676315307617,7.850336202226661,7.954006258767139
seq_2462,8.032536506652832,7.834064900966021,7.933300703809426
seq_2463,8.007017135620117,7.792436608392386,7.8997268720062515
seq_2464,8.020753860473633,7.810906174657586,7.915830017565609
seq_2465,8.0341796875,7.842394071329695,7.938286879414847
seq_2466,8.011865615844727,7.804187494098954,7.9080265549718405
seq_2467,8.009478569030762,7.81671762928354,7.913098099157151
seq_2468,8.02900218963623,7.835183299073995,7.932092744355113
seq_2469,8.016246795654297,7.8194208243592715,7.917833810006784
seq_2470,8.02822208404541,7.8521570316897975,7.940189557867604
seq_2471,8.000406265258789,7.803610542649157,7.902008403953973
seq_2472,8.008848190307617,7.8072590609061265,7.908053625606872
seq_2473,8.026006698608398,7.857503945621854,7.941755322115126
seq_2474,8.008172988891602,7.829586161282279,7.91887957508694
seq_2475,8.01132583618164,7.827076394762077,7.919201115471859
seq_2476,8.048150062561035,7.878911648404177,7.963530855482606
seq_2477,8.017110824584961,7.86176778509334,7.9394393048391505
seq_2478,8.018099784851074,7.858293640708543,7.938196712779808
seq_2479,8.016292572021484,7.835436661669437,7.925864616845461
seq_2480,8.021659851074219,7.805159889176037,7.913409870125128
seq_2481,8.014449119567871,7.818188263176377,7.916318691372124
seq_2482,8.029529571533203,7.780934660384085,7.905232115958644
seq_2483,8.049009323120117,7.821066755368355,7.935038039244236
seq_2484,8.0443754196167,7.823933039754163,7.934154229685431
seq_2485,8.045981407165527,7.838428584805268,7.9422049959853975
seq_2486,8.057764053344727,7.848094090344156,7.952929071844441
seq_2487,8.08903694152832,7.924868792191276,8.006952866859798
seq_2488,8.041223526000977,7.823464872176501,7.932344199088739
seq_2489,8.076398849487305,7.90475516509957,7.990577007293437
seq_2490,8.035062789916992,7.819273204532581,7.927167997224787
seq_2491,8.035338401794434,7.823509731482844,7.929424066638639
seq_2492,8.055784225463867,7.866822127254478,7.961303176359173
seq_2493,8.030850410461426,7.82033574751053,7.925593078985978
seq_2494,8.055097579956055,7.861024726366173,7.958061153161114
seq_2495,8.10295581817627,7.93830032374037,8.02062807095832
seq_2496,8.050436019897461,7.856843800820172,7.953639910358817
seq_2497,8.042730331420898,7.858258702375713,7.950494516898306
seq_2498,8.041144371032715,7.83532479806971,7.938234584551212
seq_2499,8.067276954650879,7.82270083700154,7.94498889582621
seq_2500,8.059916496276855,7.85177242062348,7.9558444584501675
seq_2501,8.05765151977539,7.842583496107338,7.950117507941364
seq_2502,8.041491508483887,7.864579259097521,7.953035383790704
seq_2503,8.025505065917969,7.858402885244189,7.941953975581079
seq_2504,8.03969669342041,7.843739187672094,7.941717940546252
seq_2505,8.041585922241211,7.874484944266241,7.958035433253726
seq_2506,8.038870811462402,7.857670853750032,7.948270832606218
seq_2507,8.040323257446289,7.849722458554087,7.945022858000188
seq_2508,8.050642967224121,7.849970630511125,7.950306798867623
seq_2509,8.073526382446289,7.876111237759519,7.974818810102904
seq_2510,8.066049575805664,7.876177663626702,7.971113619716183
seq_2511,8.053308486938477,7.842600450976516,7.947954468957496
seq_2512,8.04185676574707,7.845715434579526,7.943786100163298
seq_2513,8.023149490356445,7.85623294720342,7.939691218779933
seq_2514,8.049548149108887,7.85316449013132,7.951356319620103
seq_2515,8.046878814697266,7.863287678525806,7.955083246611536
seq_2516,8.044990539550781,7.851423833555193,7.948207186552987
seq_2517,8.049781799316406,7.857045406409319,7.953413602862863
seq_2518,8.054426193237305,7.865149290263884,7.959787741750594
seq_2519,8.053105354309082,7.826693867857015,7.939899611083049
seq_2520,8.071728706359863,7.845087714369145,7.958408210364504
seq_2521,8.029426574707031,7.8497154101484945,7.939570992427763
seq_2522,8.028932571411133,7.863382198304991,7.946157384858061
seq_2523,8.041090965270996,7.8449664239844985,7.943028694627747
seq_2524,8.047938346862793,7.87570575113933,7.961822049001062
seq_2525,8.039336204528809,7.846578648442825,7.942957426485817
seq_2526,8.062288284301758,7.848229670510767,7.955258977406262
seq_2527,8.063104629516602,7.859715844900752,7.961410237208677
seq_2528,8.045440673828125,7.830259756046472,7.937850214937299
seq_2529,8.059192657470703,7.857603169891551,7.958397913681127
seq_2530,8.050420761108398,7.83663370050925,7.943527230808824
seq_2531,8.034982681274414,7.806374440849584,7.920678561061999
seq_2532,8.039501190185547,7.837291074263775,7.938396132224661
seq_2533,8.010257720947266,7.817297987629907,7.913777854288586
seq_2534,8.001496315002441,7.7893484649402644,7.895422389971353
seq_2535,8.009719848632812,7.815852258047052,7.912786053339932
seq_2536,7.997483730316162,7.77604998604936,7.886766858182761
seq_2537,7.998382568359375,7.784081013997495,7.891231791178435
seq_2538,8.04442310333252,7.8258898407449635,7.9351564720387415
seq_2539,8.049677848815918,7.839221611098264,7.944449729957091
seq_2540,8.07666015625,7.9048869696140756,7.990773562932038
seq_2541,8.050344467163086,7.843420212868381,7.946882340015733
seq_2542,8.05398941040039,7.825456904002914,7.9397231572016524
seq_2543,8.059470176696777,7.836632388913053,7.948051282804915
seq_2544,8.031822204589844,7.815896602298933,7.923859403444388
seq_2545,8.03011417388916,7.814947120504538,7.922530647196849
seq_2546,8.080694198608398,7.91806164256116,7.999377920584779
seq_2547,8.043031692504883,7.846093043449561,7.9445623679772215
seq_2548,8.039432525634766,7.838962874330026,7.939197699982396
seq_2549,8.050387382507324,7.85966011026912,7.955023746388222
seq_2550,8.033733367919922,7.830465011379487,7.932099189649705
seq_2551,8.039560317993164,7.840600690780984,7.940080504387074
seq_2552,8.04588508605957,7.839284144069476,7.942584615064523
seq_2553,8.050561904907227,7.840757119507904,7.945659512207565
seq_2554,8.00448226928711,7.795326347979477,7.899904308633293
seq_2555,8.020621299743652,7.820522955518234,7.920572127630943
seq_2556,8.06119155883789,7.869571681371467,7.965381620104679
seq_2557,8.068292617797852,7.946523617724779,8.007408117761315
seq_2558,8.03143310546875,7.860115040165386,7.945774072817068
seq_2559,8.041759490966797,7.8605587160661425,7.95115910351647
seq_2560,8.039085388183594,7.864340103274927,7.95171274572926
seq_2561,8.027557373046875,7.821526658503442,7.924542015775159
seq_2562,8.017555236816406,7.841030611569041,7.9292929241927235
seq_2563,8.050324440002441,7.841311735883723,7.945818087943082
seq_2564,8.05564022064209,7.836410032485345,7.946025126563717
seq_2565,8.046028137207031,7.805212521081538,7.925620329144285
seq_2566,8.053659439086914,7.832553146185438,7.943106292636176
seq_2567,8.062599182128906,7.843427129893168,7.953013156011037
seq_2568,8.107207298278809,7.846713606965608,7.976960452622208
seq_2569,8.093948364257812,7.839100373626047,7.966524368941929
seq_2570,8.103649139404297,7.860411617592947,7.982030378498622
seq_2571,8.105036735534668,7.869410803764699,7.987223769649683
seq_2572,8.079434394836426,7.850651449978876,7.965042922407651
seq_2573,8.063408851623535,7.850640363297622,7.957024607460578
seq_2574,8.060588836669922,7.854936915192473,7.957762875931198
seq_2575,8.071510314941406,7.805622146212716,7.938566230577061
seq_2576,8.071009635925293,7.7825236631586865,7.92676664954199
seq_2577,8.000289916992188,7.8098603580084855,7.9050751375003365
seq_2578,8.075592994689941,7.861944731851731,7.968768863270836
seq_2579,8.052817344665527,7.852240592107803,7.952528968386665
seq_2580,8.030153274536133,7.828860574314534,7.929506924425334
seq_2581,8.095952033996582,7.873637496148021,7.9847947650723015
seq_2582,8.057868003845215,7.86615364844506,7.962010826145137
seq_2583,8.019181251525879,7.80318755452906,7.91118440302747
seq_2584,8.052266120910645,7.884467401131392,7.968366761021018
seq_2585,8.01466178894043,7.816521859397888,7.915591824169159
seq_2586,8.03011417388916,7.825687246776505,7.927900710332833
seq_2587,8.09775161743164,7.884415187746361,7.991083402589001
seq_2588,8.048858642578125,7.879989501948108,7.9644240722631165
seq_2589,8.072409629821777,7.870408726234549,7.971409178028163
seq_2590,8.061443328857422,7.899838760241776,7.980641044549599
seq_2591,8.078190803527832,7.875575802523178,7.976883303025505
seq_2592,8.06657886505127,7.8664510349771,7.966514950014185
seq_2593,8.022310256958008,7.814412361289468,7.918361309123737
seq_2594,8.034337997436523,7.835529023694846,7.934933510565685
seq_2595,8.041345596313477,7.854378195322672,7.9478618958180745
seq_2596,8.061741828918457,7.82970866536713,7.945725247142794
seq_2597,8.03746223449707,7.831635203998306,7.9345487192476885
seq_2598,8.043966293334961,7.842028783140437,7.942997538237699
seq_2599,8.034605026245117,7.844735446954793,7.939670236599955
seq_2600,8.027456283569336,7.8537519818082,7.940604132688768
seq_2601,7.9924726486206055,7.875602157998319,7.934037403309462
seq_2602,8.021575927734375,7.8520962963964305,7.936836112065403
seq_2603,8.036130905151367,7.833213989740221,7.934672447445794
seq_2604,8.05091667175293,7.854695928591543,7.952806300172236
seq_2605,8.029403686523438,7.872203818150799,7.9508037523371184
seq_2606,8.014644622802734,7.85938487631706,7.937014749559897
seq_2607,8.022432327270508,7.778829046700898,7.9006306869857035
seq_2608,8.059587478637695,7.849125905347411,7.954356691992553
seq_2609,8.06580638885498,7.8572010729523445,7.9615037309036625
seq_2610,8.04543685913086,7.8556539609403035,7.9505454100355815
seq_2611,8.048979759216309,7.835240028837361,7.942109894026835
seq_2612,8.056220054626465,7.8665004874732825,7.961360271049873
seq_2613,8.047101974487305,7.844565407215046,7.945833690851176
seq_2614,8.031370162963867,7.856039288775969,7.943704725869918
seq_2615,8.031732559204102,7.845466656899454,7.938599608051778
seq_2616,8.039447784423828,7.842156587698324,7.940802186061076
seq_2617,8.063556671142578,7.856559564761692,7.960058117952135
seq_2618,8.050983428955078,7.8364609614208725,7.943722195187975
seq_2619,8.052303314208984,7.860880033734453,7.956591673971719
seq_2620,8.039024353027344,7.8722682866849585,7.955646319856151
seq_2621,8.050209999084473,7.858753038471539,7.954481518778006
seq_2622,8.054516792297363,7.854516369958638,7.954516581128001
seq_2623,8.049490928649902,7.85396892614737,7.951729927398636
seq_2624,8.04124641418457,7.851861722705559,7.946554068445065
seq_2625,8.060693740844727,7.875480828211538,7.968087284528132
seq_2626,8.045073509216309,7.891433349587192,7.96825342940175
seq_2627,8.033135414123535,7.8511801759173965,7.942157795020465
seq_2628,8.000272750854492,7.84136404786999,7.920818399362242
seq_2629,8.017301559448242,7.84338994981178,7.930345754630011
seq_2630,8.039323806762695,7.852161685190229,7.945742745976462
seq_2631,8.026195526123047,7.863286517875325,7.944741021999186
seq_2632,8.007448196411133,7.814349098498724,7.910898647454928
seq_2633,8.001840591430664,7.845659834586319,7.923750213008491
seq_2634,8.023207664489746,7.886498311336611,7.954852987913179
seq_2635,8.004188537597656,7.846007413310712,7.925097975454184
seq_2636,8.007611274719238,7.85433976801758,7.930975521368409
seq_2637,8.029471397399902,7.857279187462597,7.9433752924312495
seq_2638,7.998525142669678,7.828977823491138,7.913751483080407
seq_2639,7.999492168426514,7.866370543626085,7.9329313560263
seq_2640,8.056079864501953,7.8528496869079785,7.954464775704966
seq_2641,8.027826309204102,7.78072129350096,7.904273801352531
seq_2642,8.031854629516602,7.797106006477382,7.914480317996992
seq_2643,7.989262104034424,7.7788402787723285,7.884051191403376
seq_2644,8.037670135498047,7.799125535785065,7.9183978356415565
seq_2645,8.07038688659668,7.833361620107245,7.951874253351962
seq_2646,8.056281089782715,7.7829491077033985,7.919615098743057
seq_2647,8.055166244506836,7.829671669533662,7.942418957020249
seq_2648,8.038049697875977,7.8114771424655185,7.9247634201707475
seq_2649,8.035088539123535,7.824408879599531,7.929748709361533
seq_2650,8.040775299072266,7.809835483579149,7.925305391325708
seq_2651,8.032366752624512,7.808663476908324,7.920515114766418
seq_2652,8.015157699584961,7.7813230790750705,7.898240389330016
seq_2653,8.027486801147461,7.800879371376206,7.914183086261834
seq_2654,8.127800941467285,7.857783628350794,7.99279228490904
seq_2655,8.036787033081055,7.830345075995261,7.933566054538158
seq_2656,8.093975067138672,7.895809873092222,7.994892470115447
seq_2657,8.024443626403809,7.883485244583662,7.953964435493735
seq_2658,8.04356575012207,7.8546947690707425,7.949130259596407
seq_2659,8.010982513427734,7.8179130448883365,7.914447779158035
seq_2660,7.987357139587402,7.84573002443693,7.916543582012166
seq_2661,7.99260139465332,7.770603386923156,7.881602390788238
seq_2662,8.008720397949219,7.7911463588554035,7.899933378402311
seq_2663,7.9773030281066895,7.735614449141696,7.856458738624193
seq_2664,8.046342849731445,7.799170286766835,7.92275656824914
seq_2665,8.041494369506836,7.770402464083469,7.905948416795153
seq_2666,8.010210990905762,7.759685470863268,7.884948230884515
seq_2667,8.029054641723633,7.785536349967962,7.907295495845798
seq_2668,8.055906295776367,7.8054448405235295,7.930675568149948
seq_2669,8.003962516784668,7.770309745491629,7.887136131138148
seq_2670,8.016496658325195,7.72907548103465,7.872786069679923
seq_2671,8.037323951721191,7.763122394885428,7.90022317330331
seq_2672,8.011419296264648,7.815482354324583,7.913450825294616
seq_2673,8.00916862487793,7.785329659122525,7.897249142000227
seq_2674,8.034056663513184,7.792539218152525,7.913297940832854
seq_2675,7.968947887420654,7.728646065816992,7.848796976618823
seq_2676,8.01152229309082,7.777590805915217,7.894556549503019
seq_2677,8.073006629943848,7.862772513749145,7.967889571846497
seq_2678,8.05229377746582,7.845786492462162,7.949040134963991
seq_2679,8.035476684570312,7.843156482230945,7.939316583400629
seq_2680,8.063928604125977,7.848847789192959,7.956388196659468
seq_2681,8.083246231079102,7.8607359504921135,7.9719910907856075
seq_2682,8.042309761047363,7.864982643566804,7.953646202307084
seq_2683,8.040260314941406,7.799289923712586,7.919775119326996
seq_2684,8.062662124633789,7.830074705273774,7.946368414953781
seq_2685,8.08772087097168,7.77854126986962,7.93313107042065
seq_2686,8.04859733581543,7.775146991756561,7.911872163785995
seq_2687,8.013957977294922,7.776181763338764,7.895069870316843
seq_2688,8.047354698181152,7.776125058335207,7.91173987825818
seq_2689,8.046029090881348,7.779135175025704,7.912582132953526
seq_2690,8.075430870056152,7.803255170126896,7.939343020091524
seq_2691,8.059774398803711,7.799781331664313,7.929777865234012
seq_2692,8.060945510864258,7.805848456541844,7.933396983703051
seq_2693,8.029922485351562,7.831844922578869,7.930883703965216
seq_2694,8.063249588012695,7.795227557871563,7.929238572942129
seq_2695,8.057546615600586,7.785938332588649,7.921742474094618
seq_2696,8.044830322265625,7.789097520260179,7.9169639212629015
seq_2697,8.037609100341797,7.807837754456526,7.922723427399161
seq_2698,8.061060905456543,7.819511259938597,7.94028608269757
seq_2699,8.033849716186523,7.811132174550442,7.922490945368483
seq_2700,8.035017013549805,7.802535158306888,7.9187760859283465
seq_2701,8.051695823669434,7.78768415732036,7.919689990494897
seq_2702,8.045506477355957,7.782231318059779,7.913868897707868
seq_2703,8.071599960327148,7.801885591665868,7.936742775996509
seq_2704,8.042898178100586,7.864579182310013,7.9537386802053
seq_2705,8.032722473144531,7.841634663365978,7.937178568255255
seq_2706,8.050621032714844,7.8653134861445295,7.957967259429687
seq_2707,8.08217716217041,7.776733070184849,7.92945511617763
seq_2708,8.090787887573242,7.778300863581208,7.934544375577225
seq_2709,8.104326248168945,7.769017836491193,7.936672042330069
seq_2710,8.096250534057617,7.7517488922143905,7.923999713136004
seq_2711,8.094043731689453,7.766131091101943,7.930087411395698
seq_2712,7.998443126678467,7.868857282469495,7.933650204573981
seq_2713,8.040468215942383,7.835336918125352,7.937902567033867
seq_2714,8.033905982971191,7.8191357584148395,7.9265208706930155
seq_2715,8.058692932128906,7.8071843411685915,7.932938636648749
seq_2716,8.046656608581543,7.802506265904462,7.924581437243003
seq_2717,8.049781799316406,7.827611584055132,7.938696691685769
seq_2718,8.024106979370117,7.809679593530314,7.9168932864502155
seq_2719,8.111200332641602,7.845867826349091,7.978534079495346
seq_2720,8.131174087524414,7.868645904612182,7.999909996068299
seq_2721,8.050800323486328,7.834633932530357,7.942717128008343
seq_2722,8.068572998046875,7.856122823074465,7.96234791056067
seq_2723,8.078876495361328,7.815277718365534,7.947077106863431
seq_2724,8.083491325378418,7.841684239960152,7.962587782669285
seq_2725,7.987811088562012,7.818294703463836,7.903052896012924
seq_2726,8.06767749786377,7.835923137213261,7.951800317538515
seq_2727,8.056432723999023,7.832605034790085,7.944518879394554
seq_2728,8.066498756408691,7.844609726799696,7.955554241604194
seq_2729,8.051841735839844,7.813831011888022,7.932836373863933
seq_2730,8.059410095214844,7.856052000238078,7.957731047726461
seq_2731,8.023664474487305,7.88996869627512,7.956816585381212
seq_2732,8.040945053100586,7.83956547742338,7.9402552652619836
seq_2733,8.059709548950195,7.832659593847513,7.946184571398854
seq_2734,8.08353328704834,7.851772419210854,7.9676528531295965
seq_2735,8.035598754882812,7.815126610669704,7.925362682776258
seq_2736,8.040334701538086,7.833218813396982,7.936776757467534
seq_2737,8.058319091796875,7.858803677484126,7.9585613846405
seq_2738,8.078700065612793,7.874966846337403,7.976833455975099
seq_2739,8.05078125,7.824161484637501,7.93747136731875
seq_2740,8.064168930053711,7.872624678292079,7.968396804172895
seq_2741,8.040903091430664,7.9182313118452425,7.979567201637954
seq_2742,8.062411308288574,7.8707319955683275,7.966571651928451
seq_2743,8.063128471374512,7.858730940070686,7.960929705722599
seq_2744,8.072179794311523,7.872836568287321,7.972508181299422
seq_2745,8.059442520141602,7.856616268312939,7.95802939422727
seq_2746,8.069353103637695,7.873877280996326,7.97161519231701
seq_2747,8.013612747192383,7.811732192763757,7.9126724699780695
seq_2748,7.967329502105713,7.840539832796782,7.903934667451248
seq_2749,7.982840538024902,7.816159855829783,7.899500196927343
seq_2750,7.93273401260376,7.827877468094561,7.8803057403491605
seq_2751,8.002967834472656,7.837206255204927,7.920087044838791
seq_2752,8.041852951049805,7.816776423645227,7.9293146873475155
seq_2753,8.04257869720459,7.809737851117049,7.926158274160819
seq_2754,7.999166488647461,7.81482939903189,7.906997943839675
seq_2755,7.988991737365723,7.825802615942846,7.9073971766542845
seq_2756,8.048188209533691,7.824012575871315,7.936100392702503
seq_2757,7.981473922729492,7.828494411120238,7.904984166924866
seq_2758,7.983696460723877,7.85071813779859,7.917207299261234
seq_2759,8.014739990234375,7.828895964459029,7.921817977346702
seq_2760,8.018248558044434,7.839829448268109,7.929039003156271
seq_2761,8.052738189697266,7.738119991958203,7.895429090827735
seq_2762,8.067132949829102,7.730885991641258,7.89900947073518
seq_2763,8.063642501831055,7.734714352798383,7.899178427314719
seq_2764,8.050567626953125,7.732475977220818,7.891521802086972
seq_2765,8.056333541870117,7.738456843781252,7.897395192825685
seq_2766,8.065853118896484,7.866938554283347,7.966395836589916
seq_2767,8.0564603805542,7.820713595367325,7.938586987960762
seq_2768,8.050833702087402,7.852296622842879,7.9515651624651404
seq_2769,8.05522346496582,7.846276943491032,7.950750204228426
seq_2770,8.048725128173828,7.8700290405118976,7.959377084342863
seq_2771,8.027894973754883,7.85094842902354,7.939421701389211
seq_2772,8.051607131958008,7.8515914564312785,7.951599294194644
seq_2773,8.046733856201172,7.85877069126775,7.952752273734461
seq_2774,8.036025047302246,7.864519395641543,7.950272221471895
seq_2775,8.038246154785156,7.846175993962383,7.94221107437377
seq_2776,8.051974296569824,7.8587045757532,7.955339436161513
seq_2777,8.043069839477539,7.86562146038509,7.954345649931314
seq_2778,8.070867538452148,7.873191744776315,7.972029641614231
seq_2779,8.049535751342773,7.857293535057927,7.95341464320035
seq_2780,8.049976348876953,7.893595149629713,7.971785749253334
seq_2781,8.04615592956543,7.852620918978179,7.949388424271804
seq_2782,8.048201560974121,7.849890521632849,7.949046041303485
seq_2783,8.059494972229004,7.8653905355521,7.962442753890552
seq_2784,8.025589942932129,7.846447361736211,7.93601865233417
seq_2785,8.047890663146973,7.876253853974502,7.962072258560737
seq_2786,8.027765274047852,7.786369776502667,7.907067525275259
seq_2787,8.021718978881836,7.781822728863031,7.901770853872433
seq_2788,8.01298999786377,7.7679473852161465,7.890468691539958
seq_2789,8.02641487121582,7.747547543412681,7.886981207314251
seq_2790,8.00963306427002,7.7584338387751846,7.884033451522602
seq_2791,8.078200340270996,7.8955024943971015,7.986851417334049
seq_2792,8.056707382202148,7.8592018166846005,7.957954599443374
seq_2793,8.040767669677734,7.878255698408136,7.959511684042935
seq_2794,8.042271614074707,7.843398239686882,7.942834926880795
seq_2795,8.046245574951172,7.838275036637959,7.942260305794566
seq_2796,8.051163673400879,7.846501737172305,7.948832705286592
seq_2797,8.029703140258789,7.79524227102753,7.912472705643159
seq_2798,8.029691696166992,7.829467446767977,7.929579571467484
seq_2799,8.017618179321289,7.837642111428038,7.927630145374664
seq_2800,8.06369400024414,7.861265283236957,7.962479641740549
seq_2801,8.026581764221191,7.8774810255795895,7.9520313949003905
seq_2802,8.08984661102295,7.911601297791539,8.000723954407244
seq_2803,8.125380516052246,7.927061676382788,8.026221096217517
seq_2804,8.112319946289062,7.964174991029962,8.038247468659513
seq_2805,8.115610122680664,7.91513620639882,8.015373164539742
seq_2806,8.137721061706543,7.932082845743523,8.034901953725033
seq_2807,8.152958869934082,7.976009570189956,8.064484220062019
seq_2808,8.142570495605469,7.920178310742283,8.031374403173876
seq_2809,8.136144638061523,7.931875264903182,8.034009951482354
seq_2810,8.109719276428223,7.923841419658447,8.016780348043335
seq_2811,8.12067985534668,7.9256710189519195,8.0231754371493
seq_2812,8.133491516113281,7.962876639970667,8.048184078041974
seq_2813,8.171638488769531,8.0077932908581,8.089715889813816
seq_2814,8.120978355407715,7.943991271144151,8.032484813275932
seq_2815,8.137327194213867,7.954569363693166,8.045948278953517
seq_2816,8.139586448669434,7.935706668222763,8.037646558446099
seq_2817,8.155136108398438,7.9283698335863235,8.04175297099238
seq_2818,8.113887786865234,7.930238687330455,8.022063237097845
seq_2819,8.110655784606934,7.974072699658241,8.042364242132587
seq_2820,8.023128509521484,7.809339388784431,7.916233949152957
seq_2821,8.04055118560791,7.8402683855309,7.940409785569405
seq_2822,8.107868194580078,7.901714910180142,8.00479155238011
seq_2823,8.155027389526367,7.918887125725067,8.036957257625717
seq_2824,8.098579406738281,7.929318979142442,8.013949192940363
seq_2825,8.113836288452148,7.982876736615991,8.04835651253407
seq_2826,8.127902030944824,7.92416971366068,8.026035872302753
seq_2827,8.109102249145508,7.919297483685412,8.01419986641546
seq_2828,8.058233261108398,7.861752064658947,7.959992662883673
seq_2829,8.027955055236816,7.815780141777613,7.921867598507214
seq_2830,8.00008773803711,7.8360458522507805,7.918066795143945
seq_2831,8.052240371704102,7.785857357911819,7.91904886480796
seq_2832,8.060067176818848,7.826243012664922,7.9431550947418845
seq_2833,8.112464904785156,7.848434254940885,7.980449579863021
seq_2834,8.088350296020508,7.8654936060723815,7.976921951046444
seq_2835,8.088323593139648,7.821764610344383,7.955044101742016
seq_2836,8.148043632507324,7.895126455991125,8.021585044249225
seq_2837,8.073447227478027,7.818004789707017,7.945726008592523
seq_2838,8.079837799072266,7.8350158395741225,7.957426819323194
seq_2839,8.1444091796875,7.894597498625753,8.019503339156627
seq_2840,8.161322593688965,7.866027875329889,8.013675234509428
seq_2841,8.131514549255371,7.865057651104182,7.998286100179777
seq_2842,8.133902549743652,7.892227969813746,8.013065259778699
seq_2843,8.12723159790039,7.8550201003657865,7.9911258491330885
seq_2844,8.135781288146973,7.869056564690349,8.002418926418661
seq_2845,8.087328910827637,7.841233442561112,7.964281176694374
seq_2846,8.069205284118652,7.84352904290476,7.956367163511706
seq_2847,8.058751106262207,7.855229142209939,7.956990124236073
seq_2848,8.063623428344727,7.827679404354088,7.945651416349407
seq_2849,8.066149711608887,7.849422056486805,7.957785884047846
seq_2850,8.054034233093262,7.809947484542544,7.931990858817903
seq_2851,8.065164566040039,7.882346139210876,7.973755352625457
seq_2852,8.04650592803955,7.800895578070508,7.923700753055029
seq_2853,8.059518814086914,7.822996613039804,7.941257713563359
seq_2854,8.094616889953613,7.864895705759848,7.9797562978567305
seq_2855,8.061359405517578,7.818598047783218,7.9399787266503985
seq_2856,8.079357147216797,7.854740010708468,7.967048578962633
seq_2857,8.075674057006836,7.913308727515519,7.994491392261177
seq_2858,8.061492919921875,7.835150474073597,7.948321696997736
seq_2859,8.076228141784668,7.821281836317834,7.948754989051251
seq_2860,8.059137344360352,7.824193109229052,7.941665226794702
seq_2861,8.046904563903809,7.845443703475529,7.946174133689668
seq_2862,8.060545921325684,7.856442877730681,7.958494399528183
seq_2863,8.024025917053223,7.803232687820979,7.913629302437101
seq_2864,8.08796501159668,7.823156206153481,7.95556060887508
seq_2865,8.050857543945312,7.835013964096742,7.942935754021027
seq_2866,8.021039962768555,7.781572464011916,7.901306213390235
seq_2867,8.065232276916504,7.836280080696191,7.950756178806348
seq_2868,8.05531120300293,7.839054567473576,7.947182885238252
seq_2869,8.043503761291504,7.790043719565336,7.91677374042842
seq_2870,8.071497917175293,7.86921372153102,7.9703558193531565
seq_2871,8.03197193145752,7.773779122491387,7.902875526974453
seq_2872,8.03647518157959,7.793161435804787,7.914818308692189
seq_2873,8.081477165222168,7.841024368311357,7.961250766766763
seq_2874,8.058967590332031,7.820577638851313,7.939772614591672
seq_2875,8.05634880065918,7.846184870932289,7.951266835795734
seq_2876,8.089223861694336,7.900583913970264,7.9949038878323
seq_2877,8.050180435180664,7.839585331576004,7.944882883378334
seq_2878,8.058479309082031,7.834429700680311,7.946454504881171
seq_2879,8.045007705688477,7.8110112462639325,7.9280094759762045
seq_2880,8.03129768371582,7.792909380801467,7.9121035322586435
seq_2881,8.035715103149414,7.797083310112505,7.91639920663096
seq_2882,8.064176559448242,7.842864061116439,7.95352031028234
seq_2883,8.125282287597656,7.852222424252847,7.988752355925252
seq_2884,8.073858261108398,7.844066878428658,7.958962569768528
seq_2885,8.11168384552002,7.844098998210859,7.977891421865439
seq_2886,8.116964340209961,7.855719261971315,7.986341801090639
seq_2887,8.094795227050781,7.846328605928466,7.970561916489624
seq_2888,8.0840425491333,7.8504640810468205,7.96725331509006
seq_2889,8.097524642944336,7.854151461501568,7.975838052222953
seq_2890,8.045825958251953,7.809207232131485,7.927516595191719
seq_2891,8.062801361083984,7.8349225601811545,7.94886196063257
seq_2892,8.022109985351562,7.863552043165952,7.942831014258758
seq_2893,8.074419021606445,7.823052737111957,7.948735879359202
seq_2894,8.078453063964844,7.817507927824963,7.947980495894903
seq_2895,8.089330673217773,7.849424555743067,7.96937761448042
seq_2896,8.069290161132812,7.807360989611698,7.9383255753722555
seq_2897,8.061518669128418,7.819787032641424,7.940652850884921
seq_2898,8.108781814575195,7.841918897847454,7.975350356211324
seq_2899,8.047747611999512,7.791754268969427,7.9197509404844695
seq_2900,8.078278541564941,7.824108259816109,7.951193400690525
seq_2901,8.117780685424805,7.867367260264684,7.9925739728447445
seq_2902,8.077974319458008,7.8450156620790015,7.961494990768505
seq_2903,8.086320877075195,7.839891555649513,7.963106216362354
seq_2904,8.09488296508789,7.830612802227857,7.962747883657874
seq_2905,8.079008102416992,7.806831706374945,7.942919904395969
seq_2906,8.087501525878906,7.823129675367218,7.955315600623062
seq_2907,8.08935546875,7.838729271298194,7.964042370024098
seq_2908,8.058150291442871,7.847086615778878,7.952618453610874
seq_2909,8.10529613494873,7.842965213481152,7.974130674214941
seq_2910,8.01616096496582,7.83406857431328,7.92511476963955
seq_2911,8.041284561157227,7.834236040039843,7.937760300598535
seq_2912,8.072206497192383,7.8431065743263915,7.957656535759387
seq_2913,8.019554138183594,7.83049423809072,7.925024188137157
seq_2914,8.076591491699219,7.830609696040417,7.953600593869818
seq_2915,8.105672836303711,7.863588248934929,7.984630542619319
seq_2916,8.044379234313965,7.845441397917923,7.944910316115944
seq_2917,8.055916786193848,7.844831494276161,7.950374140235004
seq_2918,8.046385765075684,7.855366774178278,7.950876269626981
seq_2919,8.052919387817383,7.825516223239348,7.939217805528365
seq_2920,8.067537307739258,7.854215691557327,7.960876499648292
seq_2921,8.061452865600586,7.865606794379952,7.963529829990269
seq_2922,8.050551414489746,7.833064441624105,7.941807928056925
seq_2923,8.058019638061523,7.852014005410522,7.955016821736023
seq_2924,8.046424865722656,7.831741150843273,7.939083008282965
seq_2925,8.069823265075684,7.857390377848627,7.963606821462156
seq_2926,8.061563491821289,7.815374193826882,7.9384688428240855
seq_2927,8.034928321838379,7.833103466485779,7.934015894162079
seq_2928,8.069573402404785,7.821166133356391,7.945369767880588
seq_2929,8.043460845947266,7.832003741988405,7.937732293967835
seq_2930,8.031917572021484,7.823260342711265,7.927588957366375
seq_2931,8.045551300048828,7.841110792800871,7.943331046424849
seq_2932,8.040660858154297,7.841348079135667,7.941004468644982
seq_2933,8.065197944641113,7.831782330859168,7.948490137750141
seq_2934,8.094502449035645,7.886424678136212,7.990463563585928
seq_2935,8.049318313598633,7.833147252441576,7.941232783020105
seq_2936,8.05047607421875,7.835489566543076,7.942982820380913
seq_2937,8.044464111328125,7.846054044732309,7.945259078030217
seq_2938,8.080046653747559,7.835820083440075,7.957933368593817
seq_2939,8.045866966247559,7.843161176941592,7.9445140715945755
seq_2940,7.985644340515137,7.840027473341712,7.912835906928424
seq_2941,8.007719039916992,7.87202901852085,7.939874029218921
seq_2942,7.986082553863525,7.847023675220118,7.916553114541822
seq_2943,7.970600605010986,7.837809943077451,7.904205274044219
seq_2944,7.970987319946289,7.831562764429437,7.901275042187863
seq_2945,7.975133895874023,7.816228891773029,7.895681393823526
seq_2946,7.986666679382324,7.829201694902402,7.907934187142363
seq_2947,8.05235767364502,7.845761589369452,7.949059631507236
seq_2948,8.069802284240723,7.860172433231106,7.964987358735915
seq_2949,8.062990188598633,7.853115342359069,7.95805276547885
seq_2950,8.053159713745117,7.836507695394304,7.94483370456971
seq_2951,8.05980110168457,7.855065689571326,7.957433395627948
seq_2952,8.078895568847656,7.8698922939761395,7.974393931411898
seq_2953,8.038458824157715,7.8210455672397465,7.929752195698731
seq_2954,8.072649002075195,7.874501470965313,7.973575236520254
seq_2955,8.028496742248535,7.820288415627143,7.924392578937839
seq_2956,8.056669235229492,7.830592381534628,7.943630808382061
seq_2957,8.073209762573242,7.8698707019269705,7.971540232250106
seq_2958,8.055624008178711,7.855241027411677,7.9554325177951934
seq_2959,8.076132774353027,7.8552065275899015,7.965669650971464
seq_2960,8.063145637512207,7.862063709059692,7.9626046732859495
seq_2961,8.063078880310059,7.857663291925382,7.96037108611772
seq_2962,8.073212623596191,7.8562542172003464,7.964733420398269
seq_2963,8.040748596191406,7.83793733483576,7.939342965513584
seq_2964,8.040546417236328,7.832706863483589,7.936626640359958
seq_2965,8.07098388671875,7.8626672066108965,7.966825546664824
seq_2966,8.067594528198242,7.8178661137243495,7.942730320961296
seq_2967,8.09086799621582,7.847343123537119,7.9691055598764695
seq_2968,8.050837516784668,7.815771560577373,7.93330453868102
seq_2969,8.075170516967773,7.791305693949539,7.933238105458656
seq_2970,8.051274299621582,7.826198085427357,7.93873619252447
seq_2971,8.03200912475586,7.7783574934320825,7.905183309093971
seq_2972,8.066065788269043,7.804718942238383,7.935392365253713
seq_2973,8.0606689453125,7.867592918556284,7.964130931934392
seq_2974,8.06904411315918,7.832530976158163,7.950787544658672
seq_2975,8.065627098083496,7.830315666311474,7.947971382197485
seq_2976,8.053092956542969,7.843153150267595,7.948123053405282
seq_2977,8.070833206176758,7.853029980105438,7.961931593141098
seq_2978,8.085427284240723,7.851380284686931,7.968403784463827
seq_2979,8.076868057250977,7.810802495460031,7.943835276355504
seq_2980,8.063434600830078,7.780623945314215,7.922029273072146
seq_2981,8.05259895324707,7.806376203306449,7.92948757827676
seq_2982,8.01826286315918,7.807525080819112,7.912893971989146
seq_2983,8.02766227722168,7.836561948295649,7.932112112758665
seq_2984,8.052370071411133,7.849170038821236,7.950770055116184
seq_2985,8.018621444702148,7.834446022175576,7.926533733438863
seq_2986,8.03589916229248,7.838433512626292,7.937166337459386
seq_2987,8.045246124267578,7.830386347519022,7.9378162358933
seq_2988,8.03775405883789,7.843634646924745,7.940694352881318
seq_2989,8.025671005249023,7.817291028981614,7.921481017115319
seq_2990,8.037860870361328,7.82434675202178,7.931103811191554
seq_2991,8.013814926147461,7.856713513875093,7.935264220011277
seq_2992,8.014814376831055,7.824696276150048,7.919755326490551
seq_2993,8.048554420471191,7.837484704809269,7.94301956264023
seq_2994,8.053474426269531,7.852539917096666,7.953007171683099
seq_2995,8.015207290649414,7.804812277042636,7.910009783846025
seq_2996,8.040913581848145,7.846041416352834,7.943477499100489
seq_2997,8.039904594421387,7.8292979982988715,7.934601296360129
seq_2998,8.041738510131836,7.853229923799681,7.9474842169657585
seq_2999,8.026937484741211,7.837331693409723,7.932134589075467
seq_3000,8.046708106994629,7.86394304571672,7.9553255763556745
seq_3001,7.993066787719727,7.825530196437324,7.909298492078525
seq_3002,8.00086784362793,7.829346539912645,7.9151071917702875
seq_3003,8.061863899230957,7.861614138435824,7.9617390188333905
seq_3004,8.058902740478516,7.8389567646460545,7.948929752562285
seq_3005,8.049057006835938,7.846426827472187,7.947741917154062
seq_3006,8.04752254486084,7.897299136099112,7.972410840479975
seq_3007,8.064924240112305,7.730689017662573,7.897806628887439
seq_3008,8.047928810119629,7.770795315991281,7.909362063055455
seq_3009,8.129783630371094,7.634367785576728,7.882075707973911
seq_3010,8.07278823852539,7.755537720197626,7.9141629793615085
seq_3011,8.005220413208008,7.723794591154887,7.864507502181447
seq_3012,8.076205253601074,7.738268915157489,7.907237084379282
seq_3013,8.071133613586426,7.748720176431254,7.90992689500884
seq_3014,8.074230194091797,7.773447432963493,7.923838813527645
seq_3015,8.084674835205078,7.754148822958437,7.919411829081758
seq_3016,8.084704399108887,7.790668081741343,7.937686240425115
seq_3017,8.043924331665039,7.7781929879940925,7.911058659829566
seq_3018,8.053894996643066,7.762147129092548,7.908021062867807
seq_3019,8.064380645751953,7.761258628443051,7.912819637097503
seq_3020,8.07707691192627,7.772353478787968,7.924715195357119
seq_3021,8.044153213500977,7.719859625683831,7.882006419592404
seq_3022,8.067672729492188,7.735148300444589,7.901410514968388
seq_3023,8.07538890838623,7.774541663060777,7.924965285723504
seq_3024,8.086912155151367,7.800558558299141,7.943735356725254
seq_3025,8.036124229431152,7.788823721321828,7.91247397537649
seq_3026,8.057559967041016,7.784566538071168,7.921063252556092
seq_3027,8.08048152923584,7.793655483498263,7.937068506367051
seq_3028,8.066155433654785,7.793019125532736,7.929587279593761
seq_3029,8.083768844604492,7.815509629141768,7.94963923687313
seq_3030,8.035062789916992,7.845563626315121,7.940313208116057
seq_3031,8.038471221923828,7.841511407126839,7.939991314525333
seq_3032,8.060882568359375,7.843880428857226,7.9523814986083
seq_3033,8.05873966217041,7.8306060657452115,7.944672863957811
seq_3034,8.06197738647461,7.826831267466606,7.9444043269706075
seq_3035,8.044130325317383,7.819571212793804,7.931850769055593
seq_3036,8.043807983398438,7.859471235556754,7.951639609477596
seq_3037,8.057537078857422,7.812865156305544,7.935201117581483
seq_3038,8.060527801513672,7.821982360949939,7.941255081231805
seq_3039,8.042643547058105,7.8480929741070735,7.9453682605825895
seq_3040,8.060591697692871,7.821496609494682,7.941044153593777
seq_3041,8.056295394897461,7.827970118979145,7.942132756938303
seq_3042,8.031187057495117,7.841877497239355,7.936532277367236
seq_3043,8.060721397399902,7.867981252916624,7.964351325158264
seq_3044,8.064931869506836,7.840400444778121,7.952666157142478
seq_3045,8.076031684875488,7.875875750320654,7.975953717598071
seq_3046,8.060624122619629,7.834625929483737,7.947625026051683
seq_3047,8.053836822509766,7.8275736622276995,7.9407052423687325
seq_3048,8.060710906982422,7.884381613639874,7.972546260311148
seq_3049,8.061725616455078,7.852410091603458,7.957067854029268
seq_3050,8.0501070022583,7.860814586536817,7.955460794397559
seq_3051,8.084331512451172,7.909374595840742,7.996853054145957
seq_3052,8.038259506225586,7.869885277238703,7.9540723917321445
seq_3053,8.054380416870117,7.879346327298503,7.96686337208431
seq_3054,8.059884071350098,7.850725983952952,7.955305027651525
seq_3055,8.053975105285645,7.832894010495142,7.943434557890393
seq_3056,8.059839248657227,7.856153677387295,7.95799646302226
seq_3057,8.031883239746094,7.769920518979186,7.90090187936264
seq_3058,8.076143264770508,7.87275666139649,7.974449963083499
seq_3059,8.069828987121582,7.907009943669713,7.988419465395648
seq_3060,8.04433822631836,7.823628864523669,7.933983545421015
seq_3061,8.056706428527832,7.838256234273878,7.947481331400855
seq_3062,8.075592041015625,7.810910381934765,7.943251211475195
seq_3063,8.05423355102539,7.830496854512938,7.942365202769164
seq_3064,8.040059089660645,7.83346048426286,7.936759786961752
seq_3065,8.051703453063965,7.833725227112,7.942714340087982
seq_3066,8.043022155761719,7.809796981230102,7.92640956849591
seq_3067,8.054662704467773,7.866793313383555,7.960728008925664
seq_3068,8.054025650024414,7.832273233379478,7.943149441701946
seq_3069,8.055259704589844,7.86512753606962,7.960193620329732
seq_3070,8.07571029663086,7.903095459598388,7.989402878114624
seq_3071,8.050533294677734,7.856183986752239,7.9533586407149865
seq_3072,8.048444747924805,7.852750658868595,7.950597703396699
seq_3073,8.054291725158691,7.848603944216373,7.951447834687532
seq_3074,8.035896301269531,7.803472221795634,7.919684261532582
seq_3075,8.04428482055664,7.818809469536697,7.931547145046669
seq_3076,8.069978713989258,7.813060488712779,7.941519601351018
seq_3077,8.048996925354004,7.844430190625491,7.946713557989748
seq_3078,8.030157089233398,7.846496948429213,7.9383270188313055
seq_3079,8.034187316894531,7.844131084141472,7.939159200518002
seq_3080,8.041671752929688,7.828484465301923,7.935078109115805
seq_3081,8.031795501708984,7.822356418217252,7.927075959963118
seq_3082,8.03752326965332,7.79012552161463,7.913824395633975
seq_3083,8.029095649719238,7.812526190849592,7.920810920284415
seq_3084,8.13761043548584,7.798782391512498,7.968196413499169
seq_3085,8.111820220947266,7.820109680604146,7.965964950775706
seq_3086,8.050931930541992,7.773507299115332,7.912219614828662
seq_3087,8.099845886230469,7.82109255249801,7.9604692193642395
seq_3088,8.084612846374512,7.806862439800554,7.945737643087533
seq_3089,8.104745864868164,7.839416153664102,7.972081009266133
seq_3090,8.102550506591797,7.836693529948549,7.969622018270173
seq_3091,8.112186431884766,7.841189536829853,7.9766879843573095
seq_3092,8.089010238647461,7.873824234389474,7.9814172365184675
seq_3093,8.079233169555664,7.832966136163352,7.956099652859508
seq_3094,8.074079513549805,7.8266978555746896,7.950388684562247
seq_3095,8.08857536315918,7.8315226609226,7.96004901204089
seq_3096,8.089500427246094,7.812121476959883,7.950810952102988
seq_3097,8.096356391906738,7.83239483019822,7.964375611052479
seq_3098,8.069889068603516,7.811733946110634,7.940811507357075
seq_3099,8.097529411315918,7.85056788119304,7.974048646254479
seq_3100,8.040349006652832,7.794325439769702,7.917337223211267
seq_3101,8.04686450958252,7.867397020360011,7.957130764971265
seq_3102,8.051061630249023,7.903736884376037,7.9773992573125305
seq_3103,8.071210861206055,7.808702639135333,7.939956750170694
seq_3104,8.048184394836426,7.836338792577076,7.9422615937067516
seq_3105,8.090738296508789,7.814281326116564,7.952509811312677
seq_3106,8.061783790588379,7.814760918110435,7.938272354349407
seq_3107,8.003098487854004,7.833300168150203,7.918199328002103
seq_3108,8.065488815307617,7.802770215941985,7.934129515624801
seq_3109,8.05947208404541,7.810387001684112,7.9349295428647615
seq_3110,8.056270599365234,7.847498212207254,7.951884405786244
seq_3111,8.05998706817627,7.819750826627969,7.939868947402119
seq_3112,8.069314002990723,7.866748866142013,7.968031434566368
seq_3113,8.05923843383789,7.892517661975995,7.975878047906942
seq_3114,8.050050735473633,7.842284196399998,7.946167465936815
seq_3115,8.044058799743652,7.849990516001899,7.947024657872776
seq_3116,8.06912899017334,7.828282021078444,7.948705505625892
seq_3117,8.08383560180664,7.807948738526058,7.945892170166349
seq_3118,8.074214935302734,7.831593695926406,7.95290431561457
seq_3119,8.374732971191406,8.85893218674898,8.616832578970193
seq_3120,8.324954986572266,8.821865799162897,8.573410392867581
seq_3121,8.402494430541992,8.873531942829208,8.638013186685601
seq_3122,8.384056091308594,8.898694317924814,8.641375204616704
seq_3123,8.379691123962402,8.861692194518005,8.620691659240205
seq_3124,8.367512702941895,8.85683920704946,8.612175954995678
seq_3125,8.396523475646973,8.82007904676345,8.608301261205211
seq_3126,8.381803512573242,8.850555541491119,8.61617952703218
seq_3127,8.321678161621094,8.815272185419897,8.568475173520495
seq_3128,8.382779121398926,8.845040541337694,8.61390983136831
seq_3129,8.381406784057617,8.843076407075275,8.612241595566445
seq_3130,8.3977632522583,8.881576361772645,8.639669807015473
seq_3131,8.347909927368164,8.825763818369888,8.586836872869025
seq_3132,8.384320259094238,8.884423291486126,8.634371775290182
seq_3133,8.373937606811523,8.87552663676934,8.624732121790432
seq_3134,8.346456527709961,8.833252209604252,8.589854368657107
seq_3135,8.305496215820312,8.79238652358155,8.54894136970093
seq_3136,8.348461151123047,8.848968208546458,8.598714679834753
seq_3137,8.355040550231934,8.866939825349533,8.610990187790733
seq_3138,8.340877532958984,8.837563199173063,8.589220366066023
seq_3139,8.348272323608398,8.825545885559821,8.586909104584109
seq_3140,8.382177352905273,8.797155394908645,8.589666373906958
seq_3141,8.356224060058594,8.831377407024362,8.593800733541478
seq_3142,8.323810577392578,8.797534075258696,8.560672326325637
seq_3143,8.34977912902832,8.828654846859507,8.589216987943914
seq_3144,8.345266342163086,8.813855771020574,8.57956105659183
seq_3145,8.36450481414795,8.860886948562976,8.612695881355464
seq_3146,8.347652435302734,8.79850912080981,8.573080778056273
seq_3147,8.37580680847168,8.87180259105975,8.623804699765714
seq_3148,8.34758186340332,8.818613597911215,8.583097730657268
seq_3149,8.39185619354248,8.897028561009796,8.644442377276139
seq_3150,8.409843444824219,8.912651899413198,8.661247672118709
seq_3151,8.384628295898438,8.86417905506397,8.624403675481204
seq_3152,8.387609481811523,8.878685122162633,8.633147301987078
seq_3153,8.391851425170898,8.796159648140645,8.594005536655771
seq_3154,8.384398460388184,8.857462763266398,8.62093061182729
seq_3155,8.34388256072998,8.781834448241334,8.562858504485657
seq_3156,8.38839340209961,8.868572282138118,8.628482842118864
seq_3157,8.375953674316406,8.850647019065104,8.613300346690755
seq_3158,8.39220905303955,8.876586752879374,8.634397902959464
seq_3159,8.37924861907959,8.85154669383437,8.615397656456981
seq_3160,8.390869140625,8.87630813455876,8.633588637591881
seq_3161,8.373979568481445,8.847712531212453,8.610846049846948
seq_3162,8.357027053833008,8.843906325144514,8.600466689488762
seq_3163,8.352670669555664,8.82104616264746,8.586858416101563
seq_3164,8.361024856567383,8.833090086108179,8.59705747133778
seq_3165,8.358649253845215,8.837503165743923,8.59807620979457
seq_3166,8.377432823181152,8.870891220399471,8.624162021790312
seq_3167,8.36223030090332,8.837859754512703,8.600045027708012
seq_3168,8.38016414642334,8.834114938723156,8.607139542573247
seq_3169,8.365958213806152,8.873447113829076,8.619702663817614
seq_3170,8.342784881591797,8.81154694032685,8.577165910959323
seq_3171,8.369996070861816,8.872065381801491,8.621030726331654
seq_3172,8.367303848266602,8.849696851274077,8.608500349770338
seq_3173,8.371124267578125,8.863277862115376,8.61720106484675
seq_3174,8.358124732971191,8.822981894134571,8.590553313552881
seq_3175,8.374523162841797,8.855262390921297,8.614892776881547
seq_3176,8.384346008300781,8.856091630937708,8.620218819619245
seq_3177,8.381206512451172,8.836992099410772,8.609099305930972
seq_3178,8.378912925720215,8.832162186048063,8.605537555884139
seq_3179,8.391483306884766,8.83098107849412,8.611232192689442
seq_3180,8.392012596130371,8.846412906191695,8.619212751161033
seq_3181,8.375102996826172,8.827008618430824,8.601055807628498
seq_3182,8.35516357421875,8.811142211904139,8.583152893061445
seq_3183,8.360688209533691,8.85299410600542,8.606841157769555
seq_3184,8.365213394165039,8.857215434403017,8.611214414284028
seq_3185,8.40871524810791,8.875794977702277,8.642255112905094
seq_3186,8.371826171875,8.823562953225952,8.597694562550476
seq_3187,8.399564743041992,8.861879658870702,8.630722200956347
seq_3188,8.40816879272461,8.863311230241948,8.635740011483279
seq_3189,8.382620811462402,8.84758412566266,8.615102468562531
seq_3190,8.40671157836914,8.85878623668179,8.632748907525466
seq_3191,8.398399353027344,8.85228773697262,8.625343544999982
seq_3192,8.398935317993164,8.885673266811539,8.64230429240235
seq_3193,8.36649227142334,8.829338275236376,8.597915273329857
seq_3194,8.386749267578125,8.872205985753947,8.629477626666036
seq_3195,8.404623985290527,8.884335236260759,8.644479610775644
seq_3196,8.376626968383789,8.855072242976636,8.615849605680213
seq_3197,8.379533767700195,8.832880233199056,8.606207000449626
seq_3198,8.335875511169434,8.792144755054803,8.564010133112118
seq_3199,8.364745140075684,8.827620591694421,8.596182865885051
seq_3200,8.365137100219727,8.799030352060575,8.582083726140151
seq_3201,8.358390808105469,8.804410015564654,8.581400411835062
seq_3202,8.35571575164795,8.829969572670834,8.592842662159391
seq_3203,8.368908882141113,8.787462527248872,8.578185704694992
seq_3204,8.365139961242676,8.784196643068332,8.574668302155505
seq_3205,8.34870433807373,8.790147501931159,8.569425920002445
seq_3206,8.35595703125,8.78615813921095,8.571057585230475
seq_3207,8.372270584106445,8.811729753034193,8.59200016857032
seq_3208,8.377504348754883,8.846567475612547,8.612035912183714
seq_3209,8.385196685791016,8.873198992628076,8.629197839209546
seq_3210,8.353466033935547,8.848797416718602,8.601131725327075
seq_3211,8.390995025634766,8.895168572583163,8.643081799108964
seq_3212,8.400629997253418,8.90545688895352,8.653043443103469
seq_3213,8.371286392211914,8.856075761549423,8.613681076880669
seq_3214,8.391302108764648,8.859389118281243,8.625345613522946
seq_3215,8.41163444519043,8.783002073612519,8.597318259401474
seq_3216,8.39118766784668,8.841716481460079,8.61645207465338
seq_3217,8.317449569702148,8.807438344075642,8.562443956888895
seq_3218,8.383218765258789,8.839969574203288,8.611594169731038
seq_3219,8.386301040649414,8.859393405397956,8.622847223023685
seq_3220,8.3922119140625,8.879350386008104,8.635781150035303
seq_3221,8.36712646484375,8.848895424257934,8.608010944550841
seq_3222,8.394369125366211,8.892002604534076,8.643185864950144
seq_3223,8.350452423095703,8.839971057090738,8.59521174009322
seq_3224,8.373456001281738,8.86279150813931,8.618123754710524
seq_3225,8.389190673828125,8.865301616315827,8.627246145071975
seq_3226,8.342367172241211,8.83709126495377,8.58972921859749
seq_3227,8.405438423156738,8.904041882183005,8.654740152669872
seq_3228,8.409828186035156,8.918909988566632,8.664369087300894
seq_3229,8.359880447387695,8.838936886086994,8.599408666737345
seq_3230,8.393091201782227,8.87463747051601,8.633864336149118
seq_3231,8.391046524047852,8.783483289994393,8.587264907021122
seq_3232,8.38183307647705,8.837863182851027,8.609848129664039
seq_3233,8.303452491760254,8.794959679156111,8.549206085458183
seq_3234,8.374940872192383,8.837936339940821,8.606438606066602
seq_3235,8.375419616699219,8.848807086859393,8.612113351779307
seq_3236,8.394272804260254,8.882405576564086,8.63833919041217
seq_3237,8.37696647644043,8.827363706308976,8.602165091374703
seq_3238,8.404422760009766,8.895647681820488,8.650035220915127
seq_3239,8.317293167114258,8.834044868191619,8.575669017652938
seq_3240,8.377304077148438,8.903383711140128,8.640343894144284
seq_3241,8.348834037780762,8.884746337269226,8.616790187524995
seq_3242,8.414413452148438,8.90832014212597,8.661366797137203
seq_3243,8.411938667297363,8.919934056477738,8.66593636188755
seq_3244,8.398014068603516,8.906365681707031,8.652189875155273
seq_3245,8.420177459716797,8.895481348767444,8.65782940424212
seq_3246,8.367645263671875,8.849141239025295,8.608393251348584
seq_3247,8.415571212768555,8.934920005683244,8.6752456092259
seq_3248,8.425067901611328,8.921007815648789,8.673037858630058
seq_3249,8.378665924072266,8.875999311070867,8.627332617571566
seq_3250,8.405872344970703,8.91235793267944,8.659115138825072
seq_3251,8.418559074401855,8.939039336310143,8.678799205356
seq_3252,8.27091121673584,8.84428120199919,8.557596209367514
seq_3253,8.266861915588379,8.822182216344336,8.544522065966358
seq_3254,8.25486946105957,8.817903929790383,8.536386695424977
seq_3255,8.301769256591797,8.843308986850616,8.572539121721206
seq_3256,8.225793838500977,8.816940070582493,8.521366954541735
seq_3257,8.294428825378418,8.84907985814141,8.571754341759913
seq_3258,8.396899223327637,8.879624723672736,8.638261973500185
seq_3259,8.289045333862305,8.840007975195695,8.564526654529
seq_3260,8.338371276855469,8.863542752196294,8.600957014525882
seq_3261,8.336645126342773,8.826820166568828,8.581732646455801
seq_3262,8.28573226928711,8.864947987416503,8.575340128351806
seq_3263,8.301473617553711,8.800277598218242,8.550875607885978
seq_3264,8.29025936126709,8.792060432633034,8.541159896950063
seq_3265,8.329145431518555,8.838679181150775,8.583912306334664
seq_3266,8.272411346435547,8.797908142833185,8.535159744634367
seq_3267,8.30726432800293,8.798252046542235,8.552758187272582
seq_3268,8.315073013305664,8.848918288231367,8.581995650768516
seq_3269,8.320911407470703,8.882922908137763,8.601917157804234
seq_3270,8.309479713439941,8.845910661394631,8.577695187417287
seq_3271,8.313800811767578,8.841844727437962,8.57782276960277
seq_3272,8.354890823364258,8.861114486806851,8.608002655085555
seq_3273,8.349038124084473,8.85513195297016,8.602085038527317
seq_3274,8.289373397827148,8.806496861866664,8.547935129846906
seq_3275,8.373577117919922,8.821680055719323,8.597628586819622
seq_3276,8.37287712097168,8.874220117971063,8.623548619471372
seq_3277,8.383017539978027,8.854908350452533,8.61896294521528
seq_3278,8.346744537353516,8.852855654695055,8.599800096024286
seq_3279,8.382387161254883,8.879560874134436,8.630974017694658
seq_3280,8.344300270080566,8.859090812309402,8.601695541194985
seq_3281,8.332324981689453,8.843394450721878,8.587859716205665
seq_3282,8.367349624633789,8.845763947948678,8.606556786291232
seq_3283,8.383133888244629,8.882859928866505,8.632996908555567
seq_3284,8.384836196899414,8.848449526835036,8.616642861867225
seq_3285,8.374293327331543,8.868857940389574,8.621575633860559
seq_3286,8.368669509887695,8.856997325543192,8.612833417715443
seq_3287,8.36674690246582,8.876751763871875,8.621749333168847
seq_3288,8.353374481201172,8.860607102155235,8.606990791678204
seq_3289,8.382062911987305,8.88474689944713,8.633404905717217
seq_3290,8.395561218261719,8.884527288610144,8.640044253435931
seq_3291,8.366071701049805,8.853594800994612,8.60983325102221
seq_3292,8.351128578186035,8.851187234728613,8.601157906457324
seq_3293,8.335674285888672,8.819184676000058,8.577429480944364
seq_3294,8.319144248962402,8.817296906335152,8.568220577648777
seq_3295,8.31506061553955,8.814412046409718,8.564736330974634
seq_3296,8.342004776000977,8.850734070441572,8.596369423221274
seq_3297,8.391779899597168,8.870746253194834,8.631263076396001
seq_3298,8.37317943572998,8.830299993222976,8.601739714476478
seq_3299,8.33623218536377,8.841875313603062,8.589053749483416
seq_3300,8.373970985412598,8.837427925030816,8.605699455221707
seq_3301,8.310794830322266,8.83482682339839,8.572810826860328
seq_3302,8.335042953491211,8.82776275297321,8.58140285323221
seq_3303,8.38564395904541,8.874446670842202,8.630045314943807
seq_3304,8.37000846862793,8.873499453031265,8.621753960829597
seq_3305,8.364511489868164,8.853784191933046,8.609147840900604
seq_3306,8.401105880737305,8.881352349552671,8.641229115144988
seq_3307,8.380108833312988,8.87038604264315,8.625247437978068
seq_3308,8.357115745544434,8.861872664005544,8.60949420477499
seq_3309,8.316483497619629,8.826764038620421,8.571623768120025
seq_3310,8.338220596313477,8.85097417673204,8.594597386522757
seq_3311,8.310880661010742,8.841799977632405,8.576340319321574
seq_3312,8.372092247009277,8.908408010931321,8.6402501289703
seq_3313,8.37115478515625,8.887252112808307,8.629203448982278
seq_3314,8.359456062316895,8.870948205025746,8.615202133671321
seq_3315,8.368721008300781,8.89937730936402,8.6340491588324
seq_3316,8.346403121948242,8.860763920506129,8.603583521227186
seq_3317,8.335749626159668,8.882060140380512,8.608904883270089
seq_3318,8.345043182373047,8.861470305345234,8.603256743859141
seq_3319,8.363717079162598,8.902262007835114,8.632989543498855
seq_3320,8.360574722290039,8.858522343970332,8.609548533130186
seq_3321,8.336130142211914,8.867615559883856,8.601872851047885
seq_3322,8.35043716430664,8.889379755653977,8.619908459980309
seq_3323,8.35373592376709,8.874102809618602,8.613919366692846
seq_3324,8.331148147583008,8.881995983046176,8.606572065314591
seq_3325,8.362920761108398,8.889721325336824,8.62632104322261
seq_3326,8.341611862182617,8.827061061873954,8.584336462028286
seq_3327,8.321457862854004,8.816531721027241,8.568994791940622
seq_3328,8.354339599609375,8.800702619581294,8.577521109595335
seq_3329,8.341053009033203,8.80228435031167,8.571668679672436
seq_3330,8.352994918823242,8.863288887490054,8.608141903156648
seq_3331,8.346100807189941,8.8343887681253,8.590244787657621
seq_3332,8.357321739196777,8.817721234363049,8.587521486779913
seq_3333,8.373887062072754,8.861817379094317,8.617852220583536
seq_3334,8.352166175842285,8.843533586119689,8.597849880980988
seq_3335,8.367639541625977,8.873101147112205,8.62037034436909
seq_3336,8.368651390075684,8.855515046556729,8.612083218316206
seq_3337,8.367755889892578,8.836944585622653,8.602350237757616
seq_3338,8.377243041992188,8.820871444001671,8.59905724299693
seq_3339,8.369512557983398,8.836148522509468,8.602830540246433
seq_3340,8.373971939086914,8.856589769887668,8.615280854487292
seq_3341,8.36768913269043,8.833201458333486,8.600445295511957
seq_3342,8.379243850708008,8.833804506994616,8.606524178851313
seq_3343,8.344572067260742,8.876952841098868,8.610762454179806
seq_3344,8.315954208374023,8.818605047647132,8.567279628010578
seq_3345,8.349851608276367,8.884786243262889,8.617318925769627
seq_3346,8.342886924743652,8.882481301102661,8.612684112923157
seq_3347,8.367395401000977,8.890480590903755,8.628937995952366
seq_3348,8.314682006835938,8.87351715035725,8.594099578596595
seq_3349,8.333703994750977,8.867153994868456,8.600428994809716
seq_3350,8.381278991699219,8.858798454977345,8.620038723338283
seq_3351,8.342552185058594,8.901400619423288,8.621976402240941
seq_3352,8.383745193481445,8.888157013459859,8.635951103470653
seq_3353,8.380855560302734,8.878760298014374,8.629807929158554
seq_3354,8.33161735534668,8.876503102872359,8.60406022910952
seq_3355,8.384760856628418,8.894687947260302,8.63972440194436
seq_3356,8.352188110351562,8.898817885060105,8.625502997705834
seq_3357,8.336332321166992,8.899213412637462,8.617772866902227
seq_3358,8.350893020629883,8.868957403638465,8.609925212134174
seq_3359,8.360628128051758,8.862106119077387,8.611367123564573
seq_3360,8.36726188659668,8.878807265025467,8.623034575811072
seq_3361,8.359201431274414,8.880490141467272,8.619845786370842
seq_3362,8.355842590332031,8.903493295954524,8.629667943143279
seq_3363,8.350306510925293,8.883098975106313,8.616702743015804
seq_3364,8.344841957092285,8.861699013012696,8.60327048505249
seq_3365,8.39014720916748,8.911268314357677,8.650707761762579
seq_3366,8.35928726196289,8.866937227211,8.613112244586945
seq_3367,8.346179962158203,8.839120442457023,8.592650202307613
seq_3368,8.367437362670898,8.920298853630175,8.643868108150537
seq_3369,8.35549545288086,8.829700971865288,8.592598212373073
seq_3370,8.371848106384277,8.849640420717158,8.610744263550718
seq_3371,8.368244171142578,8.91700118686818,8.64262267900538
seq_3372,8.401412010192871,8.943059287229524,8.672235648711197
seq_3373,8.361040115356445,8.902284390043835,8.63166225270014
seq_3374,8.36955738067627,8.920704637787145,8.645131009231708
seq_3375,8.389841079711914,8.89710277653835,8.643471928125132
seq_3376,8.36596393585205,8.878015723701122,8.621989829776586
seq_3377,8.305524826049805,8.883574158728491,8.594549492389149
seq_3378,8.3695707321167,8.83909566523255,8.604333198674624
seq_3379,8.358848571777344,8.886032890621374,8.622440731199358
seq_3380,8.369236946105957,8.897244885525541,8.63324091581575
seq_3381,8.341028213500977,8.875848289961768,8.608438251731371
seq_3382,8.360182762145996,8.885384911503303,8.622783836824649
seq_3383,8.385290145874023,8.89032853536536,8.637809340619691
seq_3384,8.32564926147461,8.8265874564556,8.576118358965104
seq_3385,8.318055152893066,8.791664798341543,8.554859975617305
seq_3386,8.367871284484863,8.827079620382513,8.597475452433688
seq_3387,8.358736038208008,8.823769747107736,8.591252892657872
seq_3388,8.314249038696289,8.819730771777511,8.5669899052369
seq_3389,8.355062484741211,8.822166463696188,8.5886144742187
seq_3390,8.348159790039062,8.810187589567253,8.579173689803158
seq_3391,8.32227897644043,8.832049445441097,8.577164210940763
seq_3392,8.35386848449707,8.826755035171963,8.590311759834517
seq_3393,8.316915512084961,8.827470176469378,8.572192844277168
seq_3394,8.323922157287598,8.80861402988691,8.566268093587254
seq_3395,8.356081008911133,8.847211472317023,8.601646240614077
seq_3396,8.344010353088379,8.817420216446367,8.580715284767372
seq_3397,8.36015796661377,8.83826073150766,8.599209349060715
seq_3398,8.366077423095703,8.831959724663655,8.599018573879679
seq_3399,8.345144271850586,8.763109645104317,8.55412695847745
seq_3400,8.367454528808594,8.813992851716463,8.590723690262529
seq_3401,8.366939544677734,8.824773348454977,8.595856446566355
seq_3402,8.383045196533203,8.862752836424761,8.622899016478982
seq_3403,8.383218765258789,8.823758535938024,8.603488650598408
seq_3404,8.404765129089355,8.811880328844133,8.608322728966744
seq_3405,8.378785133361816,8.860281326663044,8.61953323001243
seq_3406,8.359400749206543,8.798613928303151,8.579007338754847
seq_3407,8.367197036743164,8.853903047481193,8.610550042112179
seq_3408,8.376411437988281,8.842620754332223,8.609516096160252
seq_3409,8.395692825317383,8.85090454928566,8.62329868730152
seq_3410,8.383323669433594,8.835960364723126,8.609642017078361
seq_3411,8.387176513671875,8.841767596194506,8.614472054933191
seq_3412,8.385953903198242,8.853319587147043,8.619636745172642
seq_3413,8.361982345581055,8.826346731557017,8.594164538569036
seq_3414,8.376197814941406,8.828966293514867,8.602582054228137
seq_3415,8.374662399291992,8.852323721795651,8.61349306054382
seq_3416,8.35975456237793,8.802107400500102,8.580930981439016
seq_3417,8.388057708740234,8.848128920211744,8.618093314475988
seq_3418,8.335304260253906,8.798173602829118,8.566738931541511
seq_3419,8.39797592163086,8.847411404612446,8.622693663121652
seq_3420,8.394719123840332,8.851836037633918,8.623277580737124
seq_3421,8.384757995605469,8.848683834973285,8.616720915289378
seq_3422,8.408166885375977,8.859471308910294,8.633819097143135
seq_3423,8.398921012878418,8.815086985813108,8.607003999345764
seq_3424,8.385137557983398,8.849019515197297,8.617078536590348
seq_3425,8.36899185180664,8.796475608488297,8.582733730147469
seq_3426,8.379667282104492,8.847659252211923,8.613663267158207
seq_3427,8.37356948852539,8.831850646493468,8.60271006750943
seq_3428,8.405351638793945,8.856423644367883,8.630887641580914
seq_3429,8.382833480834961,8.837846187970642,8.6103398344028
seq_3430,8.343658447265625,8.794033897974364,8.568846172619995
seq_3431,8.36279296875,8.76099728235215,8.561895125551075
seq_3432,8.365028381347656,8.792743544677647,8.578885963012652
seq_3433,8.378400802612305,8.800255503005015,8.58932815280866
seq_3434,8.364336967468262,8.788054485231909,8.576195726350086
seq_3435,8.365988731384277,8.807197826219618,8.586593278801947
seq_3436,8.382362365722656,8.798802753170241,8.59058255944645
seq_3437,8.366790771484375,8.787776106222072,8.577283438853224
seq_3438,8.392688751220703,8.839630438169495,8.616159594695098
seq_3439,8.351911544799805,8.767938594791456,8.55992506979563
seq_3440,8.382516860961914,8.794039056391718,8.588277958676816
seq_3441,8.37161922454834,8.807912763254087,8.589765993901214
seq_3442,8.3946533203125,8.803741562931908,8.599197441622204
seq_3443,8.392187118530273,8.812291412601315,8.602239265565794
seq_3444,8.369396209716797,8.864133607444849,8.616764908580823
seq_3445,8.336816787719727,8.834121785483148,8.585469286601437
seq_3446,8.369464874267578,8.85472037872636,8.61209262649697
seq_3447,8.371710777282715,8.837378592689152,8.604544684985934
seq_3448,8.342927932739258,8.842535605421897,8.592731769080578
seq_3449,8.377586364746094,8.863216250901866,8.620401307823979
seq_3450,8.380227088928223,8.832843715754537,8.606535402341379
seq_3451,8.352499961853027,8.872611975795053,8.61255596882404
seq_3452,8.356302261352539,8.827751988065103,8.592027124708821
seq_3453,8.33071517944336,8.865205433601506,8.597960306522433
seq_3454,8.351759910583496,8.863150135568043,8.607455023075769
seq_3455,8.390108108520508,8.881558119243625,8.635833113882066
seq_3456,8.372844696044922,8.821043527901034,8.596944111972977
seq_3457,8.401863098144531,8.850010315560606,8.625936706852569
seq_3458,8.356060028076172,8.80564253205521,8.58085128006569
seq_3459,8.356616020202637,8.783488691177281,8.57005235568996
seq_3460,8.382979393005371,8.807741560976535,8.595360476990953
seq_3461,8.379180908203125,8.84337839982672,8.611279654014922
seq_3462,8.39721393585205,8.840489036637122,8.618851486244587
seq_3463,8.395166397094727,8.842780583162133,8.618973490128429
seq_3464,8.3962984085083,8.871483505023537,8.633890956765919
seq_3465,8.400567054748535,8.839311488492568,8.619939271620552
seq_3466,8.368179321289062,8.874535560036438,8.62135744066275
seq_3467,8.303295135498047,8.833823499759948,8.568559317628997
seq_3468,8.397518157958984,8.845774678601172,8.62164641828008
seq_3469,8.389883041381836,8.876096796551867,8.632989918966851
seq_3470,8.368724822998047,8.875709124974945,8.622216973986497
seq_3471,8.381718635559082,8.870452111137016,8.62608537334805
seq_3472,8.400497436523438,8.834838638788566,8.617668037656003
seq_3473,8.326189041137695,8.798292487850295,8.562240764493996
seq_3474,8.414965629577637,8.822807135858747,8.618886382718191
seq_3475,8.408008575439453,8.833278257320712,8.620643416380084
seq_3476,8.378280639648438,8.842681587496688,8.610481113572563
seq_3477,8.420238494873047,8.835954355467795,8.62809642517042
seq_3478,8.39755630493164,8.846895973456641,8.62222613919414
seq_3479,8.378561973571777,8.86890291982013,8.623732446695954
seq_3480,8.405363082885742,8.857600182734814,8.631481632810278
seq_3481,8.356562614440918,8.827797941178291,8.592180277809604
seq_3482,8.300928115844727,8.803386941043508,8.552157528444116
seq_3483,8.342601776123047,8.83414215609949,8.588371966111268
seq_3484,8.334039688110352,8.853624033253752,8.593831860682052
seq_3485,8.367578506469727,8.86906967003116,8.618324088250443
seq_3486,8.344888687133789,8.839483940891705,8.592186314012746
seq_3487,8.37396240234375,8.858062662027749,8.61601253218575
seq_3488,8.384955406188965,8.84337411659062,8.614164761389793
seq_3489,8.38757610321045,8.80133649966408,8.594456301437265
seq_3490,8.427470207214355,8.894973702803178,8.661221955008767
seq_3491,8.458379745483398,8.906940463614301,8.68266010454885
seq_3492,8.40871810913086,8.840989478895894,8.624853794013376
seq_3493,8.333065032958984,8.819951503699066,8.576508268329025
seq_3494,8.306520462036133,8.779321591866537,8.542921026951335
seq_3495,8.344392776489258,8.866083728614878,8.605238252552068
seq_3496,8.350580215454102,8.822308276327618,8.58644424589086
seq_3497,8.423337936401367,8.906832712547915,8.665085324474642
seq_3498,8.426777839660645,8.90750238268408,8.667140111172362
seq_3499,8.388777732849121,8.866058344382338,8.62741803861573
seq_3500,8.371715545654297,8.9001063071433,8.635910926398799
seq_3501,8.419239044189453,8.811793389091436,8.615516216640444
seq_3502,8.382707595825195,8.846152703801796,8.614430149813495
seq_3503,8.324320793151855,8.803704489694034,8.564012641422945
seq_3504,8.38255786895752,8.84552321195164,8.61404054045458
seq_3505,8.38784408569336,8.839234276229083,8.613539180961222
seq_3506,8.421165466308594,8.896515913584881,8.658840689946738
seq_3507,8.409528732299805,8.850749551291868,8.630139141795837
seq_3508,8.416914939880371,8.879915616775587,8.64841527832798
seq_3509,8.392265319824219,8.88204685542742,8.637156087625819
seq_3510,8.372461318969727,8.85416525786412,8.613313288416922
seq_3511,8.369767189025879,8.837227183934075,8.603497186479977
seq_3512,8.35395622253418,8.798470989233522,8.57621360588385
seq_3513,8.315610885620117,8.76985531214538,8.54273309888275
seq_3514,8.373458862304688,8.848418597117902,8.610938729711295
seq_3515,8.343265533447266,8.797937650241044,8.570601591844156
seq_3516,8.39425277709961,8.883979910851313,8.639116343975461
seq_3517,8.411741256713867,8.918308102615423,8.665024679664645
seq_3518,8.385671615600586,8.794234517640831,8.589953066620708
seq_3519,8.334760665893555,8.835694301526239,8.585227483709897
seq_3520,8.428387641906738,8.732345408063933,8.580366524985337
seq_3521,8.378033638000488,8.782225032093322,8.580129335046905
seq_3522,8.303374290466309,8.749548816669853,8.52646155356808
seq_3523,8.364927291870117,8.777146421067005,8.571036856468561
seq_3524,8.385589599609375,8.803830592937935,8.594710096273655
seq_3525,8.391624450683594,8.8653035384149,8.628463994549247
seq_3526,8.397260665893555,8.840092797545713,8.618676731719635
seq_3527,8.4065523147583,8.883481439613474,8.645016877185888
seq_3528,8.367244720458984,8.84356379386924,8.605404257164112
seq_3529,8.33320140838623,8.688663998424506,8.510932703405368
seq_3530,8.263205528259277,8.676968534120636,8.470087031189957
seq_3531,8.322381973266602,8.7434681571513,8.53292506520895
seq_3532,8.344503402709961,8.748281755931067,8.546392579320514
seq_3533,8.237571716308594,8.71510577909236,8.476338747700478
seq_3534,8.33561897277832,8.717412216909924,8.526515594844122
seq_3535,8.44994831085205,8.893332677883228,8.67164049436764
seq_3536,8.307849884033203,8.82123636495178,8.564543124492491
seq_3537,8.321678161621094,8.834735210442222,8.578206686031658
seq_3538,8.342951774597168,8.87289465382183,8.6079232142095
seq_3539,8.254314422607422,8.81428374692637,8.534299084766896
seq_3540,8.359952926635742,8.859357598439454,8.609655262537597
seq_3541,8.334936141967773,8.860049246105271,8.597492694036521
seq_3542,8.279401779174805,8.82050231703099,8.549952048102897
seq_3543,8.340927124023438,8.837694375479076,8.589310749751256
seq_3544,8.25674057006836,8.861402913573077,8.559071741820718
seq_3545,8.380220413208008,8.889975954781637,8.635098183994822
seq_3546,8.368328094482422,8.839872841824063,8.604100468153241
seq_3547,8.325824737548828,8.817945826055643,8.571885281802235
seq_3548,8.347833633422852,8.861166680780212,8.604500157101532
seq_3549,8.37405014038086,8.83380350798179,8.603926824181325
seq_3550,8.36581039428711,8.858500647337195,8.612155520812152
seq_3551,8.370810508728027,8.840297420461676,8.60555396459485
seq_3552,8.335509300231934,8.809782765376214,8.572646032804073
seq_3553,8.340487480163574,8.828026295646373,8.584256887904974
seq_3554,8.377470016479492,8.858368812583183,8.617919414531338
seq_3555,8.400118827819824,8.859296295799952,8.629707561809887
seq_3556,8.361610412597656,8.841993404516462,8.601801908557059
seq_3557,8.371723175048828,8.864165919392033,8.61794454722043
seq_3558,8.388500213623047,8.85524499202935,8.621872602826198
seq_3559,8.328365325927734,8.77257598064569,8.550470653286713
seq_3560,8.386100769042969,8.843925395622664,8.615013082332815
seq_3561,8.38393783569336,8.867555737717106,8.625746786705232
seq_3562,8.338428497314453,8.814154905240823,8.576291701277638
seq_3563,8.354339599609375,8.860048227594193,8.607193913601783
seq_3564,8.365514755249023,8.873951723218623,8.619733239233824
seq_3565,8.435812950134277,8.8679052970967,8.651859123615488
seq_3566,8.372533798217773,8.866999092850403,8.619766445534088
seq_3567,8.393515586853027,8.821548075190492,8.60753183102176
seq_3568,8.415783882141113,8.847934373254763,8.631859127697938
seq_3569,8.352978706359863,8.826620942058952,8.589799824209408
seq_3570,8.420463562011719,8.855125055695318,8.637794308853518
seq_3571,8.411186218261719,8.84905497514665,8.630120596704185
seq_3572,8.389891624450684,8.871424781355577,8.630658202903131
seq_3573,8.371929168701172,8.848352693485472,8.610140931093323
seq_3574,8.387053489685059,8.871124218676194,8.629088854180626
seq_3575,8.37791919708252,8.86322650753035,8.620572852306434
seq_3576,8.354188919067383,8.834977769173983,8.594583344120682
seq_3577,8.364173889160156,8.872012979620653,8.618093434390405
seq_3578,8.361112594604492,8.874337693127805,8.61772514386615
seq_3579,8.385622024536133,8.900477720763345,8.643049872649739
seq_3580,8.380745887756348,8.855801100992007,8.618273494374177
seq_3581,8.37634563446045,8.882108673405632,8.62922715393304
seq_3582,8.371240615844727,8.871225165967196,8.621232890905961
seq_3583,8.371118545532227,8.876052183394027,8.623585364463127
seq_3584,8.37878131866455,8.87345511766965,8.6261182181671
seq_3585,8.378812789916992,8.867343138427724,8.623077964172358
seq_3586,8.38447380065918,8.897653432486534,8.641063616572858
seq_3587,8.374345779418945,8.866005737942416,8.62017575868068
seq_3588,8.371028900146484,8.888998968088027,8.630013934117255
seq_3589,8.377925872802734,8.885445748289294,8.631685810546013
seq_3590,8.365341186523438,8.86990054819091,8.617620867357175
seq_3591,8.375683784484863,8.869747626816086,8.622715705650474
seq_3592,8.378929138183594,8.856517072855699,8.617723105519646
seq_3593,8.367050170898438,8.821561216844788,8.594305693871613
seq_3594,8.384989738464355,8.84200990731389,8.613499822889123
seq_3595,8.383142471313477,8.851546015436558,8.617344243375017
seq_3596,8.360336303710938,8.83857377122263,8.599455037466784
seq_3597,8.418098449707031,8.845720795319751,8.63190962251339
seq_3598,8.394939422607422,8.824385700350371,8.609662561478896
seq_3599,8.39400863647461,8.868043288341994,8.631025962408302
seq_3600,8.406525611877441,8.843174083259694,8.624849847568568
seq_3601,8.405376434326172,8.92590093416469,8.665638684245431
seq_3602,8.386008262634277,8.897865489520488,8.641936876077382
seq_3603,8.380220413208008,8.911514325514835,8.645867369361422
seq_3604,8.388338088989258,8.934250021521123,8.66129405525519
seq_3605,8.404553413391113,8.941783830142699,8.673168621766905
seq_3606,8.415080070495605,8.93561906495908,8.675349567727343
seq_3607,8.459646224975586,8.88171311224571,8.670679668610648
seq_3608,8.411264419555664,8.939901361123145,8.675582890339404
seq_3609,8.377059936523438,8.860842362524256,8.618951149523847
seq_3610,8.322160720825195,8.797145144532182,8.559652932678688
seq_3611,8.380239486694336,8.860778900237765,8.62050919346605
seq_3612,8.371051788330078,8.888332507140024,8.629692147735051
seq_3613,8.372050285339355,8.871259199205298,8.621654742272327
seq_3614,8.355827331542969,8.85905830851758,8.607442820030275
seq_3615,8.314468383789062,8.811156974617367,8.562812679203216
seq_3616,8.36443042755127,8.868076944148351,8.61625368584981
seq_3617,8.350736618041992,8.869968620823228,8.61035261943261
seq_3618,8.373908996582031,8.879840488774795,8.626874742678414
seq_3619,8.358929634094238,8.858860078229009,8.608894856161623
seq_3620,8.366291046142578,8.860436891104401,8.613363968623489
seq_3621,8.37642765045166,8.866616650916747,8.621522150684203
seq_3622,8.373579025268555,8.888309310870863,8.630944168069709
seq_3623,8.362565994262695,8.859986541520037,8.611276267891366
seq_3624,8.359504699707031,8.848247717811205,8.603876208759118
seq_3625,8.367850303649902,8.882236688081367,8.625043495865635
seq_3626,8.338624000549316,8.857251604741853,8.597937802645585
seq_3627,8.3673677444458,8.874960455302471,8.621164099874136
seq_3628,8.372581481933594,8.90045795116055,8.636519716547072
seq_3629,8.372217178344727,8.864158348515002,8.618187763429864
seq_3630,8.361748695373535,8.879371114934958,8.620559905154247
seq_3631,8.34910774230957,8.832871897190499,8.590989819750035
seq_3632,8.37829875946045,8.901420395281072,8.63985957737076
seq_3633,8.379155158996582,8.89741661888505,8.638285888940816
seq_3634,8.395936965942383,8.88309810136318,8.639517533652782
seq_3635,8.391668319702148,8.890730487916393,8.64119940380927
seq_3636,8.377209663391113,8.860702932757098,8.618956298074107
seq_3637,8.398362159729004,8.867378970969588,8.632870565349297
seq_3638,8.356537818908691,8.89516622394074,8.625852021424716
seq_3639,8.376480102539062,8.86702368689885,8.621751894718956
seq_3640,8.343209266662598,8.803468491269518,8.573338878966059
seq_3641,8.373343467712402,8.858354922349292,8.615849195030847
seq_3642,8.363595962524414,8.87642752491785,8.620011743721133
seq_3643,8.384300231933594,8.87221772660324,8.628258979268416
seq_3644,8.385133743286133,8.838570996173054,8.611852369729593
seq_3645,8.384214401245117,8.851387849290566,8.617801125267842
seq_3646,8.373337745666504,8.858041797975321,8.615689771820913
seq_3647,8.377676010131836,8.883818579984107,8.630747295057972
seq_3648,8.370068550109863,8.853928350228788,8.611998450169326
seq_3649,8.386631965637207,8.840678608692693,8.61365528716495
seq_3650,8.398702621459961,8.864604671712039,8.631653646585999
seq_3651,8.362007141113281,8.871292202198793,8.616649671656038
seq_3652,8.380632400512695,8.876566513174051,8.628599456843373
seq_3653,8.383840560913086,8.887648421336149,8.635744491124617
seq_3654,8.402099609375,8.868949434677452,8.635524522026227
seq_3655,8.386374473571777,8.87458756049325,8.630481017032514
seq_3656,8.333642959594727,8.850702812071003,8.592172885832865
seq_3657,8.313154220581055,8.816281475632008,8.564717848106532
seq_3658,8.321710586547852,8.853088528818489,8.58739955768317
seq_3659,8.324234008789062,8.856366988311073,8.590300498550068
seq_3660,8.351727485656738,8.882859433786683,8.617293459721711
seq_3661,8.37732982635498,8.835831646127588,8.606580736241284
seq_3662,8.372049331665039,8.825348445232535,8.598698888448787
seq_3663,8.373802185058594,8.82064373976702,8.597222962412808
seq_3664,8.373832702636719,8.84143871667017,8.607635709653444
seq_3665,8.35078239440918,8.846345406136098,8.598563900272639
seq_3666,8.356706619262695,8.82030062112727,8.588503620194983
seq_3667,8.373333930969238,8.83134970788627,8.602341819427753
seq_3668,8.379104614257812,8.849972259521955,8.614538436889884
seq_3669,8.353172302246094,8.830159463652553,8.591665882949323
seq_3670,8.375356674194336,8.832825584053273,8.604091129123805
seq_3671,8.3726167678833,8.842124463476535,8.607370615679919
seq_3672,8.376602172851562,8.859562170799645,8.618082171825604
seq_3673,8.357667922973633,8.841381421770738,8.599524672372185
seq_3674,8.39337158203125,8.835289858073386,8.614330720052319
seq_3675,8.366022109985352,8.861822403754166,8.61392225686976
seq_3676,8.371735572814941,8.823438360036482,8.597586966425713
seq_3677,8.349793434143066,8.855801224561363,8.602797329352214
seq_3678,8.36460018157959,8.838607203356025,8.601603692467808
seq_3679,8.399129867553711,8.854531637118429,8.626830752336069
seq_3680,8.37923812866211,8.844366609337005,8.611802368999557
seq_3681,8.386067390441895,8.851954284763332,8.619010837602612
seq_3682,8.393732070922852,8.864827610250014,8.629279840586433
seq_3683,8.38055419921875,8.847207184440734,8.613880691829742
seq_3684,8.394793510437012,8.849403101482707,8.62209830595986
seq_3685,8.380667686462402,8.821052265935313,8.600859976198858
seq_3686,8.331500053405762,8.799068845863983,8.565284449634873
seq_3687,8.346904754638672,8.83178406380116,8.589344409219915
seq_3688,8.3451509475708,8.84809733527607,8.596624141423435
seq_3689,8.330124855041504,8.816357627190467,8.573241241115985
seq_3690,8.353252410888672,8.829327052819684,8.591289731854179
seq_3691,8.362846374511719,8.793666566738773,8.578256470625245
seq_3692,8.343323707580566,8.805365033987734,8.57434437078415
seq_3693,8.317241668701172,8.778855493563903,8.548048581132537
seq_3694,8.330516815185547,8.810669056410976,8.570592935798262
seq_3695,8.340648651123047,8.803697376155517,8.572173013639283
seq_3696,8.374009132385254,8.840988045488638,8.607498588936945
seq_3697,8.366645812988281,8.826493843067404,8.596569828027842
seq_3698,8.367940902709961,8.844036487994046,8.605988695352004
seq_3699,8.343093872070312,8.86660519195703,8.60484953201367
seq_3700,8.313751220703125,8.835977260872795,8.57486424078796
seq_3701,8.365303993225098,8.866477359560506,8.615890676392802
seq_3702,8.372461318969727,8.878839429579918,8.625650374274823
seq_3703,8.332884788513184,8.861763378008739,8.597324083260961
seq_3704,8.327760696411133,8.87150220862304,8.599631452517087
seq_3705,8.355812072753906,8.840735274057161,8.598273673405533
seq_3706,8.33292293548584,8.845883440916964,8.589403188201402
seq_3707,8.330970764160156,8.814911477323502,8.57294112074183
seq_3708,8.328991889953613,8.849973916028972,8.589482902991293
seq_3709,8.328344345092773,8.841037666272197,8.584691005682485
seq_3710,8.362194061279297,8.876982416565685,8.619588238922491
seq_3711,8.358254432678223,8.863249615405955,8.610752024042089
seq_3712,8.360723495483398,8.87317223349138,8.61694786448739
seq_3713,8.3571138381958,8.883143588387698,8.620128713291749
seq_3714,8.36485767364502,8.850609332704071,8.607733503174545
seq_3715,8.329370498657227,8.811201645533512,8.570286072095369
seq_3716,8.364765167236328,8.845971203463039,8.605368185349683
seq_3717,8.371404647827148,8.849223484984133,8.61031406640564
seq_3718,8.364334106445312,8.843790620960105,8.60406236370271
seq_3719,8.350906372070312,8.844676709829105,8.597791540949709
seq_3720,8.356122970581055,8.848878703900196,8.602500837240626
seq_3721,8.375677108764648,8.843251502845945,8.609464305805297
seq_3722,8.365662574768066,8.857220572511558,8.611441573639812
seq_3723,8.367026329040527,8.836203261440058,8.601614795240293
seq_3724,8.365245819091797,8.835170602857803,8.600208210974799
seq_3725,8.37680435180664,8.872753995690712,8.624779173748676
seq_3726,8.345056533813477,8.854159992262963,8.59960826303822
seq_3727,8.36776351928711,8.863354627025016,8.615559073156064
seq_3728,8.3651123046875,8.872799504721465,8.618955904704482
seq_3729,8.347304344177246,8.859495202389445,8.603399773283346
seq_3730,8.326929092407227,8.827847088511309,8.577388090459268
seq_3731,8.367937088012695,8.865090787960643,8.616513937986669
seq_3732,8.375545501708984,8.872722722137935,8.62413411192346
seq_3733,8.36252498626709,8.849561672009955,8.606043329138522
seq_3734,8.34038257598877,8.856346824206643,8.598364700097706
seq_3735,8.384578704833984,8.847645240934662,8.616111972884323
seq_3736,8.38221263885498,8.85018629095633,8.616199464905655
seq_3737,8.34052562713623,8.816682435329257,8.578604031232743
seq_3738,8.370598793029785,8.851055237042457,8.610827015036122
seq_3739,8.377571105957031,8.85367869591068,8.615624900933856
seq_3740,8.379566192626953,8.858374418059174,8.618970305343064
seq_3741,8.354158401489258,8.807066533083534,8.580612467286397
seq_3742,8.36379623413086,8.853319714883053,8.608557974506956
seq_3743,8.347396850585938,8.84889238429686,8.598144617441399
seq_3744,8.362611770629883,8.838492412434714,8.600552091532299
seq_3745,8.369056701660156,8.857607007889909,8.613331854775033
seq_3746,8.394085884094238,8.813908382278257,8.603997133186247
seq_3747,8.356987953186035,8.81807942524141,8.587533689213721
seq_3748,8.381186485290527,8.823372861010805,8.602279673150665
seq_3749,8.363740921020508,8.817502930501432,8.59062192576097
seq_3750,8.366182327270508,8.819312327921207,8.592747327595857
seq_3751,8.39509391784668,8.874814923018954,8.634954420432816
seq_3752,8.351201057434082,8.842124646058096,8.596662851746089
seq_3753,8.393102645874023,8.856462148373849,8.624782397123937
seq_3754,8.410404205322266,8.855259389054513,8.63283179718839
seq_3755,8.401540756225586,8.842470470008937,8.622005613117262
seq_3756,8.333351135253906,8.779881341331228,8.556616238292566
seq_3757,8.357623100280762,8.850196213664887,8.603909656972824
seq_3758,8.368000984191895,8.851799423909494,8.609900204050694
seq_3759,8.38549518585205,8.865378191720776,8.625436688786413
seq_3760,8.380536079406738,8.833450632356573,8.606993355881656
seq_3761,8.394279479980469,8.841282648782085,8.617781064381276
seq_3762,8.388134002685547,8.852673943351457,8.620403973018501
seq_3763,8.390151023864746,8.866979305583959,8.628565164724353
seq_3764,8.334624290466309,8.799233967664312,8.566929129065311
seq_3765,8.31869888305664,8.740532517843885,8.529615700450263
seq_3766,8.38646125793457,8.843660846339,8.615061052136785
seq_3767,8.337715148925781,8.866669355541351,8.602192252233566
seq_3768,8.33974552154541,8.830436943589394,8.585091232567402
seq_3769,8.397613525390625,8.852919447868056,8.62526648662934
seq_3770,8.3491792678833,8.86267355681778,8.605926412350541
seq_3771,8.362214088439941,8.808148033891236,8.585181061165589
seq_3772,8.411307334899902,8.853083980011462,8.632195657455682
seq_3773,8.425285339355469,8.860269129458235,8.642777234406852
seq_3774,8.369373321533203,8.869498947576506,8.619436134554855
seq_3775,8.3826265335083,8.863915303995233,8.623270918751768
seq_3776,8.390735626220703,8.85030951848773,8.620522572354217
seq_3777,8.377446174621582,8.846380929355616,8.6119135519886
seq_3778,8.32856559753418,8.844654272976891,8.586609935255535
seq_3779,8.369268417358398,8.838283658608914,8.603776037983657
seq_3780,8.361791610717773,8.816220071451756,8.589005841084765
seq_3781,8.381346702575684,8.82241832166179,8.601882512118737
seq_3782,8.385096549987793,8.837950595297492,8.611523572642643
seq_3783,8.354887962341309,8.850176239502453,8.60253210092188
seq_3784,8.374933242797852,8.823856672815824,8.599394957806837
seq_3785,8.371784210205078,8.8163781077322,8.594081158968638
seq_3786,8.374008178710938,8.826890600748952,8.600449389729945
seq_3787,8.321908950805664,8.81155375379867,8.566731352302167
seq_3788,8.334006309509277,8.821201488925164,8.57760389921722
seq_3789,8.368154525756836,8.820537183068629,8.594345854412733
seq_3790,8.391573905944824,8.840617393684504,8.616095649814664
seq_3791,8.34470272064209,8.777043173338797,8.560872946990443
seq_3792,8.386650085449219,8.848186357940993,8.617418221695106
seq_3793,8.363285064697266,8.860819395477547,8.612052230087407
seq_3794,8.337889671325684,8.826107048542932,8.581998359934307
seq_3795,8.370406150817871,8.846373702733983,8.608389926775928
seq_3796,8.309496879577637,8.819271017445098,8.564383948511367
seq_3797,8.361541748046875,8.817983579497147,8.58976266377201
seq_3798,8.345442771911621,8.819743205506706,8.582592988709163
seq_3799,8.348727226257324,8.820087817904396,8.584407522080859
seq_3800,8.34317684173584,8.825144259947722,8.58416055084178
seq_3801,8.309530258178711,8.806936549771763,8.558233403975237
seq_3802,8.35576343536377,8.852233062392118,8.603998248877943
seq_3803,8.332784652709961,8.808654587614992,8.570719620162476
seq_3804,8.372488021850586,8.84000376626988,8.606245894060233
seq_3805,8.353436470031738,8.845837438065795,8.599636954048766
seq_3806,8.340337753295898,8.86988585733788,8.60511180531689
seq_3807,8.376214027404785,8.858185615598245,8.617199821501515
seq_3808,8.353216171264648,8.818504027909093,8.58586009958687
seq_3809,8.340579986572266,8.85945082392785,8.600015405250058
seq_3810,8.344001770019531,8.859358279780578,8.601680024900055
seq_3811,8.336421966552734,8.858453059714362,8.59743751313355
seq_3812,8.335493087768555,8.844018881696398,8.589755984732477
seq_3813,8.346726417541504,8.848287122660938,8.597506770101221
seq_3814,8.362039566040039,8.830496675087781,8.59626812056391
seq_3815,8.388545989990234,8.860088424768731,8.624317207379484
seq_3816,8.392204284667969,8.859584547176194,8.625894415922081
seq_3817,8.387351989746094,8.88579488437139,8.636573437058741
seq_3818,8.382059097290039,8.872047011574494,8.627053054432267
seq_3819,8.411604881286621,8.830551117355355,8.621077999320988
seq_3820,8.384060859680176,8.856191662097993,8.620126260889084
seq_3821,8.331493377685547,8.79070717681607,8.561100277250809
seq_3822,8.359859466552734,8.85677829346252,8.608318880007626
seq_3823,8.372550964355469,8.845985135800303,8.609268050077887
seq_3824,8.39103889465332,8.870000725454348,8.630519810053833
seq_3825,8.390096664428711,8.835638112299602,8.612867388364156
seq_3826,8.384481430053711,8.859270595136913,8.621876012595312
seq_3827,8.376766204833984,8.871113874798196,8.623940039816091
seq_3828,8.37060260772705,8.855414167688815,8.613008387707932
seq_3829,8.374698638916016,8.850610575173555,8.612654607044785
seq_3830,8.36019515991211,8.835529197887256,8.597862178899682
seq_3831,8.390165328979492,8.841741161201373,8.615953245090433
seq_3832,8.369498252868652,8.83885283960717,8.604175546237911
seq_3833,8.390268325805664,8.885348689667355,8.637808507736509
seq_3834,8.399859428405762,8.880105275285333,8.639982351845546
seq_3835,8.419528007507324,8.844519001639565,8.632023504573445
seq_3836,8.38690185546875,8.860700523703228,8.62380118958599
seq_3837,8.339826583862305,8.795757699345526,8.567792141603915
seq_3838,8.32931137084961,8.806832536725882,8.568071953787745
seq_3839,8.32522201538086,8.76380380387653,8.544512909628693
seq_3840,8.369457244873047,8.861334258908219,8.615395751890633
seq_3841,8.375789642333984,8.841160314908707,8.608474978621345
seq_3842,8.299224853515625,8.822146548486366,8.560685701000995
seq_3843,8.367025375366211,8.83745110315783,8.602238239262022
seq_3844,8.393413543701172,8.845375930816603,8.619394737258887
seq_3845,8.298523902893066,8.798591610678264,8.548557756785666
seq_3846,8.374755859375,8.869929564800183,8.62234271208759
seq_3847,8.297139167785645,8.812604579962827,8.554871873874236
seq_3848,8.319910049438477,8.807268823274223,8.563589436356349
seq_3849,8.38879108428955,8.869204146350716,8.628997615320134
seq_3850,8.410171508789062,8.871884773003938,8.6410281408965
seq_3851,8.390430450439453,8.855596450171864,8.62301345030566
seq_3852,8.389148712158203,8.867237214045796,8.628192963101998
seq_3853,8.387354850769043,8.899793364768724,8.643574107768885
seq_3854,8.373834609985352,8.870448839669232,8.62214172482729
seq_3855,8.401659965515137,8.918964102977233,8.660312034246186
seq_3856,8.402198791503906,8.89725203077447,8.649725411139187
seq_3857,8.382207870483398,8.881333789437242,8.63177082996032
seq_3858,8.396058082580566,8.934423873294769,8.665240977937668
seq_3859,8.399608612060547,8.893118683632878,8.646363647846712
seq_3860,8.395774841308594,8.889769024798573,8.642771933053584
seq_3861,8.389616966247559,8.927262703385637,8.658439834816598
seq_3862,8.397143363952637,8.89075530063174,8.643949332292188
seq_3863,8.388956069946289,8.887730275382676,8.638343172664483
seq_3864,8.398359298706055,8.923273692619794,8.660816495662925
seq_3865,8.379451751708984,8.945480204762086,8.662465978235534
seq_3866,8.394854545593262,8.89977229939828,8.64731342249577
seq_3867,8.397859573364258,8.924102627151077,8.660981100257668
seq_3868,8.3887939453125,8.913904932944584,8.651349439128541
seq_3869,8.386838912963867,8.910556715137686,8.648697814050777
seq_3870,8.388686180114746,8.894795436535151,8.641740808324949
seq_3871,8.339553833007812,8.856667419283069,8.598110626145441
seq_3872,8.351858139038086,8.85787308584611,8.604865612442097
seq_3873,8.357969284057617,8.910711215151037,8.634340249604328
seq_3874,8.358809471130371,8.910287178805593,8.634548324967982
seq_3875,8.378517150878906,8.87289905607551,8.625708103477209
seq_3876,8.364524841308594,8.901741649061542,8.633133245185068
seq_3877,8.366214752197266,8.87795284298786,8.622083797592563
seq_3878,8.37900161743164,8.869921610069728,8.624461613750684
seq_3879,8.356804847717285,8.919111083627673,8.637957965672479
seq_3880,8.429304122924805,8.886983506936865,8.658143814930835
seq_3881,8.381143569946289,8.849310161199844,8.615226865573067
seq_3882,8.434574127197266,8.865388889362283,8.649981508279774
seq_3883,8.409747123718262,8.871042608511683,8.640394866114972
seq_3884,8.446465492248535,8.906407411235667,8.676436451742102
seq_3885,8.413335800170898,8.890176835935323,8.65175631805311
seq_3886,8.435914993286133,8.83793472882821,8.636924861057171
seq_3887,8.4620361328125,8.891677355903639,8.67685674435807
seq_3888,8.354990005493164,8.859361796722792,8.60717590110798
seq_3889,8.34244155883789,8.817553268748068,8.579997413792979
seq_3890,8.377828598022461,8.873477101360779,8.625652849691619
seq_3891,8.37658977508545,8.868965313176023,8.622777544130736
seq_3892,8.345257759094238,8.849613378903024,8.59743556899863
seq_3893,8.367772102355957,8.869349515758383,8.61856080905717
seq_3894,8.370157241821289,8.851954972393042,8.611056107107165
seq_3895,8.353314399719238,8.836914118082797,8.595114258901017
seq_3896,8.335236549377441,8.843466252857668,8.589351401117554
seq_3897,8.367287635803223,8.826186381864904,8.596737008834063
seq_3898,8.360757827758789,8.822275728449993,8.591516778104392
seq_3899,8.363043785095215,8.880626283496724,8.62183503429597
seq_3900,8.360779762268066,8.853506904758222,8.607143333513143
seq_3901,8.37475872039795,8.869231893126912,8.62199530676243
seq_3902,8.372099876403809,8.87427662796956,8.623188252186685
seq_3903,8.358805656433105,8.866978803787951,8.612892230110528
seq_3904,8.364967346191406,8.860960853454403,8.612964099822904
seq_3905,8.354641914367676,8.849739853668789,8.602190884018231
seq_3906,8.35096549987793,8.818517471818662,8.584741485848296
seq_3907,8.407032012939453,8.883274009980752,8.645153011460103
seq_3908,8.408616065979004,8.90527544748186,8.656945756730432
seq_3909,8.363930702209473,8.857461704340462,8.610696203274967
seq_3910,8.402925491333008,8.85739507335353,8.630160282343269
seq_3911,8.386404991149902,8.736656589430066,8.561530790289984
seq_3912,8.38046932220459,8.844651031366157,8.612560176785372
seq_3913,8.331892013549805,8.808100924279453,8.569996468914628
seq_3914,8.366483688354492,8.838443271054077,8.602463479704284
seq_3915,8.368583679199219,8.842502897421785,8.605543288310502
seq_3916,8.375879287719727,8.857760295115582,8.616819791417655
seq_3917,8.406885147094727,8.84250116930995,8.624693158202337
seq_3918,8.400714874267578,8.862721571614818,8.631718222941199
seq_3919,8.37655258178711,8.838801248986957,8.607676915387033
seq_3920,8.35561752319336,8.839912583783573,8.597765053488466
seq_3921,8.35086727142334,8.834817206809301,8.59284223911632
seq_3922,8.374302864074707,8.8526304736349,8.613466668854803
seq_3923,8.342622756958008,8.84550192764516,8.594062342301584
seq_3924,8.349017143249512,8.8627869262009,8.605902034725206
seq_3925,8.322962760925293,8.851051493251115,8.587007127088203
seq_3926,8.352510452270508,8.87330851533764,8.612909483804074
seq_3927,8.450756072998047,8.886986007068932,8.66887104003349
seq_3928,8.433283805847168,8.877666090218293,8.65547494803273
seq_3929,8.426889419555664,8.87939311322407,8.653141266389866
seq_3930,8.403764724731445,8.892562408684269,8.648163566707858
seq_3931,8.40367317199707,8.862528716312656,8.633100944154863
seq_3932,8.395184516906738,8.860999401911572,8.628091959409154
seq_3933,8.409810066223145,8.878434819064733,8.644122442643939
seq_3934,8.423042297363281,8.88358002710526,8.65331116223427
seq_3935,8.457615852355957,8.900445234119484,8.67903054323772
seq_3936,8.431536674499512,8.903480589885318,8.667508632192416
seq_3937,8.441146850585938,8.916745547265124,8.67894619892553
seq_3938,8.367589950561523,8.862198001418289,8.614893975989906
seq_3939,8.352188110351562,8.911253894868876,8.63172100261022
seq_3940,8.389759063720703,8.907415803793523,8.648587433757113
seq_3941,8.362676620483398,8.909232150898783,8.63595438569109
seq_3942,8.369617462158203,8.924416874330099,8.647017168244151
seq_3943,8.350912094116211,8.896313876913425,8.623612985514818
seq_3944,8.36861801147461,8.88934193948733,8.62897997548097
seq_3945,8.373639106750488,8.882037813671106,8.627838460210796
seq_3946,8.390353202819824,8.880517348798072,8.635435275808948
seq_3947,8.37640380859375,8.892293625445356,8.634348717019552
seq_3948,8.384103775024414,8.893771122221615,8.638937448623015
seq_3949,8.375204086303711,8.837949181331615,8.606576633817664
seq_3950,8.312158584594727,8.807991346302948,8.560074965448838
seq_3951,8.344205856323242,8.83076424602016,8.5874850511717
seq_3952,8.350377082824707,8.843785473313423,8.597081278069066
seq_3953,8.378637313842773,8.845023127449718,8.611830220646246
seq_3954,8.410913467407227,8.875525294203632,8.64321938080543
seq_3955,8.40774154663086,8.857339289985205,8.632540418308032
seq_3956,8.3939208984375,8.861938390733997,8.627929644585748
seq_3957,8.387299537658691,8.86959864927777,8.62844909346823
seq_3958,8.393068313598633,8.860760689571471,8.626914501585052
seq_3959,8.394412994384766,8.864022729850177,8.629217862117471
seq_3960,8.387638092041016,8.86217490807098,8.624906500055998
seq_3961,8.385838508605957,8.882338735725867,8.634088622165912
seq_3962,8.398073196411133,8.902488387894428,8.650280792152781
seq_3963,8.386874198913574,8.860584409690835,8.623729304302206
seq_3964,8.38235092163086,8.87780271447703,8.630076818053944
seq_3965,8.39094352722168,8.895648773683657,8.643296150452668
seq_3966,8.36015510559082,8.826887942057695,8.593521523824258
seq_3967,8.353742599487305,8.851488654704232,8.60261562709577
seq_3968,8.30785846710205,8.864797078355641,8.586327772728847
seq_3969,8.355184555053711,8.8566742541855,8.605929404619605
seq_3970,8.358566284179688,8.860144293294061,8.609355288736875
seq_3971,8.34976863861084,8.862780928370798,8.606274783490818
seq_3972,8.312507629394531,8.845378754580059,8.578943191987296
seq_3973,8.351308822631836,8.871873820336841,8.611591321484338
seq_3974,8.341991424560547,8.818554648824408,8.580273036692478
seq_3975,8.364355087280273,8.833240352153696,8.598797719716984
seq_3976,8.320959091186523,8.816517306484933,8.568738198835728
seq_3977,8.33953857421875,8.833983053145595,8.586760813682172
seq_3978,8.336166381835938,8.827597874040046,8.581882127937991
seq_3979,8.348950386047363,8.844129416013997,8.596539901030681
seq_3980,8.354402542114258,8.831650107140222,8.593026324627239
seq_3981,8.342718124389648,8.836032787876618,8.589375456133133
seq_3982,8.323874473571777,8.815225478064416,8.569549975818097
seq_3983,8.321754455566406,8.830539621820915,8.57614703869366
seq_3984,8.345288276672363,8.819293538407408,8.582290907539885
seq_3985,8.356979370117188,8.817095668322183,8.587037519219685
seq_3986,8.369255065917969,8.83813810325693,8.60369658458745
seq_3987,8.359124183654785,8.876291735663148,8.617707959658967
seq_3988,8.366195678710938,8.858504594300213,8.612350136505576
seq_3989,8.381985664367676,8.863332948051884,8.62265930620978
seq_3990,8.372081756591797,8.871737887110442,8.62190982185112
seq_3991,8.36627197265625,8.849267446396476,8.607769709526362
seq_3992,8.359970092773438,8.875153401302565,8.617561747038001
seq_3993,8.36065673828125,8.855967570115187,8.608312154198218
seq_3994,8.382027626037598,8.86988546096533,8.625956543501463
seq_3995,8.353940963745117,8.834528548135939,8.594234755940528
seq_3996,8.37735366821289,8.869939318631117,8.623646493422005
seq_3997,8.371969223022461,8.872949294443796,8.622459258733128
seq_3998,8.376014709472656,8.857588468892807,8.616801589182732
seq_3999,8.38693618774414,8.854173672409468,8.620554930076803
seq_4000,8.382209777832031,8.869485277136109,8.62584752748407
seq_4001,8.345234870910645,8.836039236272454,8.59063705359155
seq_4002,8.352431297302246,8.872221131164416,8.612326214233331
seq_4003,8.369565963745117,8.827262766691744,8.598414365218431
seq_4004,8.370784759521484,8.825618499349165,8.598201629435325
seq_4005,8.385135650634766,8.835625856516188,8.610380753575477
seq_4006,8.347611427307129,8.81550451579477,8.58155797155095
seq_4007,8.346399307250977,8.85690495910767,8.601652133179323
seq_4008,8.37192440032959,8.839135291708944,8.605529846019266
seq_4009,8.387303352355957,8.864498136176383,8.62590074426617
seq_4010,8.400226593017578,8.831616750249031,8.615921671633306
seq_4011,8.380218505859375,8.868761899455443,8.624490202657409
seq_4012,8.399785995483398,8.872512423733088,8.636149209608243
seq_4013,8.376484870910645,8.857059596076775,8.616772233493709
seq_4014,8.36400032043457,8.849987849945261,8.606994085189916
seq_4015,8.3788423538208,8.844954868834682,8.611898611327742
seq_4016,8.377054214477539,8.850765571921436,8.613909893199487
seq_4017,8.379998207092285,8.874120676213828,8.627059441653056
seq_4018,8.361313819885254,8.876711393174839,8.619012606530045
seq_4019,8.375792503356934,8.864202928238502,8.619997715797718
seq_4020,8.379220962524414,8.863986912324146,8.621603937424279
seq_4021,8.361673355102539,8.86268689440345,8.612180124752994
seq_4022,8.359081268310547,8.878503919252726,8.618792593781636
seq_4023,8.345330238342285,8.8617477626099,8.603539000476093
seq_4024,8.352214813232422,8.855799868609907,8.604007340921164
seq_4025,8.412092208862305,8.883948704660622,8.648020456761463
seq_4026,8.340121269226074,8.840766843224287,8.59044405622518
seq_4027,8.374799728393555,8.880903962360714,8.627851845377133
seq_4028,8.341257095336914,8.900811256984962,8.621034176160938
seq_4029,8.342569351196289,8.868247003950398,8.605408177573343
seq_4030,8.37440299987793,8.86877953733101,8.621591268604469
seq_4031,8.36164665222168,8.864916033587832,8.613281342904756
seq_4032,8.357329368591309,8.862065866393095,8.609697617492202
seq_4033,8.377362251281738,8.887685003746952,8.632523627514345
seq_4034,8.34190845489502,8.788724927431643,8.565316691163332
seq_4035,8.360011100769043,8.786041328399861,8.573026214584452
seq_4036,8.39570426940918,8.736285628061848,8.565994948735515
seq_4037,8.337396621704102,8.78294166279967,8.560169142251887
seq_4038,8.33635139465332,8.752760577398718,8.544555986026019
seq_4039,8.319205284118652,8.773729706998893,8.546467495558772
seq_4040,8.345563888549805,8.77981006786663,8.562686978208218
seq_4041,8.384550094604492,8.818371709038653,8.601460901821572
seq_4042,8.36966609954834,8.752143438238523,8.560904768893431
seq_4043,8.38235855102539,8.834754476762912,8.60855651389415
seq_4044,8.363252639770508,8.788465091156608,8.575858865463559
seq_4045,8.359596252441406,8.797668728435715,8.578632490438562
seq_4046,8.366739273071289,8.797767579932637,8.582253426501964
seq_4047,8.328611373901367,8.790158961435473,8.55938516766842
seq_4048,8.350296020507812,8.776245729671885,8.563270875089849
seq_4049,8.366589546203613,8.802068434541063,8.584328990372338
seq_4050,8.39042854309082,8.855011982725697,8.62272026290826
seq_4051,8.40095329284668,8.879313536109112,8.640133414477896
seq_4052,8.353221893310547,8.844663687441997,8.598942790376272
seq_4053,8.40416145324707,8.874185314619398,8.639173383933233
seq_4054,8.40146255493164,8.875150336047097,8.63830644548937
seq_4055,8.384881973266602,8.845873384820441,8.615377679043522
seq_4056,8.391088485717773,8.849147957069999,8.620118221393886
seq_4057,8.385271072387695,8.849765884386908,8.617518478387302
seq_4058,8.388051986694336,8.850147643063487,8.619099814878911
seq_4059,8.405241966247559,8.87401989543948,8.63963093084352
seq_4060,8.3781156539917,8.85155900061643,8.614837327304064
seq_4061,8.364994049072266,8.83235004798746,8.598672048529863
seq_4062,8.366325378417969,8.832295429244772,8.599310403831371
seq_4063,8.375856399536133,8.845683689092636,8.610770044314386
seq_4064,8.38655948638916,8.84316354444672,8.614861515417939
seq_4065,8.371088981628418,8.8476942686517,8.60939162514006
seq_4066,8.375842094421387,8.86230380371519,8.619072949068288
seq_4067,8.365410804748535,8.854765918961936,8.610088361855237
seq_4068,8.372577667236328,8.849842814289358,8.611210240762844
seq_4069,8.381630897521973,8.84447103323416,8.613050965378067
seq_4070,8.390213012695312,8.87113138221137,8.630672197453341
seq_4071,8.355567932128906,8.85809696796878,8.606832450048843
seq_4072,8.389657974243164,8.865948591291593,8.627803282767378
seq_4073,8.405731201171875,8.876227538333934,8.640979369752905
seq_4074,8.37661075592041,8.858461181360033,8.617535968640222
seq_4075,8.369285583496094,8.860891833231582,8.615088708363839
seq_4076,8.3743314743042,8.86052772962007,8.617429601962135
seq_4077,8.369657516479492,8.811545818217862,8.590601667348677
seq_4078,8.394123077392578,8.868333050911989,8.631228064152284
seq_4079,8.351957321166992,8.832008976350293,8.591983148758644
seq_4080,8.365954399108887,8.844129730272678,8.605042064690782
seq_4081,8.363484382629395,8.84150011399139,8.602492248310392
seq_4082,8.389066696166992,8.888018273906388,8.638542485036691
seq_4083,8.34687614440918,8.854188492860352,8.600532318634766
seq_4084,8.392233848571777,8.882084112176356,8.637158980374068
seq_4085,8.366122245788574,8.870492722394628,8.618307484091602
seq_4086,8.364315032958984,8.865584362812957,8.61494969788597
seq_4087,8.364481925964355,8.857780740688687,8.611131333326522
seq_4088,8.360957145690918,8.85813333138646,8.60954523853869
seq_4089,8.358651161193848,8.821782130143557,8.590216645668702
seq_4090,8.378255844116211,8.861676082720386,8.619965963418299
seq_4091,8.379591941833496,8.853647323033696,8.616619632433597
seq_4092,8.376042366027832,8.84702161632967,8.611531991178751
seq_4093,8.360477447509766,8.817545886922403,8.589011667216084
seq_4094,8.37862777709961,8.855349000602251,8.616988388850931
seq_4095,8.35055160522461,8.850255331263922,8.600403468244266
seq_4096,8.33792495727539,8.85405444947847,8.59598970337693
seq_4097,8.330036163330078,8.834802024372324,8.5824190938512
seq_4098,8.339655876159668,8.8640853544984,8.601870615329034
seq_4099,8.366129875183105,8.821671657892072,8.593900766537589
seq_4100,8.365011215209961,8.814332107274359,8.58967166124216
seq_4101,8.354775428771973,8.816035025029413,8.585405226900694
seq_4102,8.313370704650879,8.792829678463493,8.553100191557185
seq_4103,8.322955131530762,8.824486558740597,8.573720845135679
seq_4104,8.359357833862305,8.820701261137907,8.590029547500105
seq_4105,8.393009185791016,8.854187457129344,8.623598321460179
seq_4106,8.341440200805664,8.844738124842717,8.59308916282419
seq_4107,8.356023788452148,8.841427077151154,8.59872543280165
seq_4108,8.3531494140625,8.850547165263869,8.601848289663184
seq_4109,8.323780059814453,8.86490979807678,8.594344928945617
seq_4110,8.343974113464355,8.842386143298281,8.593180128381318
seq_4111,8.35273551940918,8.853895340927497,8.603315430168339
seq_4112,8.323192596435547,8.876682983528289,8.599937789981919
seq_4113,8.34940242767334,8.86125942262355,8.605330925148445
seq_4114,8.310928344726562,8.868777849302994,8.589853097014778
seq_4115,8.350407600402832,8.864858314877099,8.607632957639964
seq_4116,8.358989715576172,8.867652612810554,8.613321164193362
seq_4117,8.354642868041992,8.853674099801223,8.604158483921609
seq_4118,8.362841606140137,8.868790597838172,8.615816101989154
seq_4119,8.363204002380371,8.88292189851613,8.62306295044825
seq_4120,8.370001792907715,8.853710449251128,8.611856121079422
seq_4121,8.372955322265625,8.869449361029572,8.6212023416476
seq_4122,8.343118667602539,8.874805590293468,8.608962128948004
seq_4123,8.346348762512207,8.836632254513175,8.591490508512692
seq_4124,8.362165451049805,8.874275446257123,8.618220448653464
seq_4125,8.38778018951416,8.828736839440209,8.608258514477185
seq_4126,8.360604286193848,8.85553118217977,8.60806773418681
seq_4127,8.36115837097168,8.819712342593299,8.59043535678249
seq_4128,8.390411376953125,8.846059091389417,8.618235234171271
seq_4129,8.373536109924316,8.833782055157991,8.603659082541153
seq_4130,8.386513710021973,8.848611787131437,8.617562748576706
seq_4131,8.397470474243164,8.869489462134194,8.633479968188679
seq_4132,8.372100830078125,8.829474133097365,8.600787481587744
seq_4133,8.404793739318848,8.84673058277379,8.625762161046318
seq_4134,8.387527465820312,8.85370498180389,8.620616223812101
seq_4135,8.337520599365234,8.830748014027712,8.584134306696473
seq_4136,8.347955703735352,8.855773808971586,8.601864756353468
seq_4137,8.344383239746094,8.940091351257104,8.642237295501598
seq_4138,8.338301658630371,8.84221841620405,8.59026003741721
seq_4139,8.349322319030762,8.881353611383478,8.61533796520712
seq_4140,8.327103614807129,8.851218460256208,8.589161037531667
seq_4141,8.333620071411133,8.839647087300936,8.586633579356034
seq_4142,8.358702659606934,8.897126934375935,8.627914796991433
seq_4143,8.328113555908203,8.856729727261985,8.592421641585094
seq_4144,8.331357955932617,8.88332374858278,8.6073408522577
seq_4145,8.362308502197266,8.907278673761825,8.634793587979544
seq_4146,8.334202766418457,8.85753894242011,8.595870854419283
seq_4147,8.328659057617188,8.85507640847168,8.591867733044435
seq_4148,8.340412139892578,8.848738587190555,8.594575363541566
seq_4149,8.35306453704834,8.890242797032972,8.621653667040656
seq_4150,8.3587007522583,8.903722909129018,8.631211830693658
seq_4151,8.387367248535156,8.868509038963493,8.627938143749326
seq_4152,8.39974594116211,8.887762834982757,8.643754388072434
seq_4153,8.387136459350586,8.856480271080965,8.621808365215776
seq_4154,8.363520622253418,8.893219269092159,8.628369945672787
seq_4155,8.364988327026367,8.912941720025312,8.63896502352584
seq_4156,8.36311149597168,8.884218221608354,8.623664858790017
seq_4157,8.361454010009766,8.902659795608315,8.63205690280904
seq_4158,8.351255416870117,8.887926219522116,8.619590818196116
seq_4159,8.376225471496582,8.874276734281572,8.625251102889077
seq_4160,8.390922546386719,8.87008082354412,8.63050168496542
seq_4161,8.39105224609375,8.876813048406532,8.633932647250141
seq_4162,8.40105152130127,8.88837148281683,8.64471150205905
seq_4163,8.364706039428711,8.857018310116224,8.610862174772468
seq_4164,8.386996269226074,8.863200088748082,8.625098178987077
seq_4165,8.390589714050293,8.90132934285074,8.645959528450517
seq_4166,8.359672546386719,8.823622305903411,8.591647426145066
seq_4167,8.369579315185547,8.854243612624916,8.611911463905232
seq_4168,8.378973007202148,8.855984966170187,8.617478986686168
seq_4169,8.373639106750488,8.845998308680393,8.60981870771544
seq_4170,8.378229141235352,8.84914230548571,8.61368572336053
seq_4171,8.387720108032227,8.831601726458254,8.60966091724524
seq_4172,8.390913009643555,8.839535707808755,8.615224358726156
seq_4173,8.391630172729492,8.8533032247815,8.622466698755495
seq_4174,8.387724876403809,8.845671469800479,8.616698173102144
seq_4175,8.390839576721191,8.83642922192574,8.613634399323466
seq_4176,8.399503707885742,8.875260801371125,8.637382254628434
seq_4177,8.39969539642334,8.8372626092518,8.61847900283757
seq_4178,8.39145278930664,8.853233199751873,8.622342994529257
seq_4179,8.399998664855957,8.857293952753636,8.628646308804797
seq_4180,8.383968353271484,8.850137338587402,8.617052845929443
seq_4181,8.395788192749023,8.860573287991969,8.628180740370496
seq_4182,8.399089813232422,8.842343616498383,8.620716714865402
seq_4183,8.368830680847168,8.835873992208747,8.602352336527957
seq_4184,8.386899948120117,8.864819136641064,8.62585954238059
seq_4185,8.422368049621582,8.761445565587652,8.591906807604616
seq_4186,8.390039443969727,8.87123150440862,8.630635474189173
seq_4187,8.322166442871094,8.801003173492035,8.561584808181564
seq_4188,8.39493465423584,8.881641700967018,8.638288177601428
seq_4189,8.3748779296875,8.856245679658288,8.615561804672893
seq_4190,8.391799926757812,8.863538526255953,8.627669226506882
seq_4191,8.400815963745117,8.850687801906432,8.625751882825774
seq_4192,8.37886905670166,8.870590087854548,8.624729572278104
seq_4193,8.374576568603516,8.863471114444472,8.619023841523994
seq_4194,8.363019943237305,8.843937515422885,8.603478729330096
seq_4195,8.349617004394531,8.84506115485282,8.597339079623676
seq_4196,8.3950777053833,8.876821910512524,8.635949807947913
seq_4197,8.348832130432129,8.846266314383751,8.59754922240794
seq_4198,8.36996078491211,8.864104355368369,8.617032570140239
seq_4199,8.414274215698242,8.947564441162132,8.680919328430187
seq_4200,8.416305541992188,8.931522457612564,8.673913999802377
seq_4201,8.417848587036133,8.933890662553996,8.675869624795064
seq_4202,8.417165756225586,8.915169943436387,8.666167849830988
seq_4203,8.408411026000977,8.93887516684326,8.673643096422119
seq_4204,8.423656463623047,8.950341236835406,8.686998850229227
seq_4205,8.407590866088867,8.918936350771773,8.66326360843032
seq_4206,8.41394329071045,8.922150690902617,8.668046990806534
seq_4207,8.419106483459473,8.938394597756723,8.678750540608098
seq_4208,8.396766662597656,8.910376430501225,8.65357154654944
seq_4209,8.40777587890625,8.941216115833406,8.674495997369828
seq_4210,8.383769989013672,8.85019144966394,8.616980719338805
seq_4211,8.414294242858887,8.851762951209885,8.633028597034386
seq_4212,8.393017768859863,8.851766620965867,8.622392194912866
seq_4213,8.41563892364502,8.860660226633247,8.638149575139133
seq_4214,8.398319244384766,8.847890037616436,8.623104641000602
seq_4215,8.390856742858887,8.847512035989391,8.619184389424138
seq_4216,8.405406951904297,8.852577426178552,8.628992189041425
seq_4217,8.38302993774414,8.857237214735193,8.620133576239667
seq_4218,8.355752944946289,8.812616962475094,8.584184953710691
seq_4219,8.35836410522461,8.822980122200821,8.590672113712715
seq_4220,8.39348030090332,8.885110879007117,8.639295589955218
seq_4221,8.391107559204102,8.916035328484337,8.65357144384422
seq_4222,8.31711483001709,8.832326472677245,8.574720651347167
seq_4223,8.403297424316406,8.865629543535059,8.634463483925732
seq_4224,8.382569313049316,8.85898723830501,8.620778275677164
seq_4225,8.380002975463867,8.897330094716848,8.638666535090358
seq_4226,8.386411666870117,8.858044978727918,8.622228322799018
seq_4227,8.408119201660156,8.884741029321544,8.646430115490851
seq_4228,8.36966609954834,8.856713660268657,8.613189879908498
seq_4229,8.405256271362305,8.879006223137548,8.642131247249926
seq_4230,8.36599063873291,8.878815323549512,8.62240298114121
seq_4231,8.377738952636719,8.865935614976225,8.621837283806471
seq_4232,8.429676055908203,8.895817134871173,8.662746595389688
seq_4233,8.371336936950684,8.867107784264585,8.619222360607633
seq_4234,8.404213905334473,8.886386426879646,8.64530016610706
seq_4235,8.418935775756836,8.897282612258548,8.658109194007693
seq_4236,8.39996337890625,8.866226240918182,8.633094809912215
seq_4237,8.396349906921387,8.860025664946757,8.628187785934072
seq_4238,8.368372917175293,8.85502366105995,8.611698289117623
seq_4239,8.369976043701172,8.8765826715843,8.623279357642737
seq_4240,8.390571594238281,8.913172954861725,8.651872274550003
seq_4241,8.371825218200684,8.84470413465286,8.60826467642677
seq_4242,8.383197784423828,8.839302509025124,8.611250146724476
seq_4243,8.403446197509766,8.850206252986025,8.626826225247896
seq_4244,8.406806945800781,8.850544242307855,8.628675594054318
seq_4245,8.420722007751465,8.880035171609869,8.650378589680667
seq_4246,8.432229995727539,8.853155867496401,8.64269293161197
seq_4247,8.385093688964844,8.839322360809293,8.612208024887067
seq_4248,8.41666030883789,8.795872483886132,8.606266396362011
seq_4249,8.414634704589844,8.826259992971657,8.62044734878075
seq_4250,8.360879898071289,8.796621872306407,8.578750885188848
seq_4251,8.414268493652344,8.82607846935205,8.620173481502196
seq_4252,8.407381057739258,8.821407354315422,8.61439420602734
seq_4253,8.404420852661133,8.855782601553113,8.630101727107123
seq_4254,8.377019882202148,8.821134201135287,8.599077041668718
seq_4255,8.415483474731445,8.85966037269894,8.637571923715193
seq_4256,8.419578552246094,8.839708180156881,8.629643366201488
seq_4257,8.39409065246582,8.842376482812849,8.618233567639335
seq_4258,8.391879081726074,8.831718303337203,8.61179869253164
seq_4259,8.399169921875,8.827198152391855,8.613184037133427
seq_4260,8.417094230651855,8.83970062624282,8.628397428447338
seq_4261,8.4112548828125,8.863127608127476,8.637191245469989
seq_4262,8.434200286865234,8.903830037316348,8.66901516209079
seq_4263,8.39561653137207,8.855111206263954,8.625363868818013
seq_4264,8.414276123046875,8.853402846297215,8.633839484672045
seq_4265,8.405548095703125,8.868998202367184,8.637273149035154
seq_4266,8.415651321411133,8.843407075246159,8.629529198328646
seq_4267,8.407414436340332,8.881154235916512,8.644284336128422
seq_4268,8.410717010498047,8.862815557510945,8.636766284004496
seq_4269,8.396173477172852,8.88011837546798,8.638145926320416
seq_4270,8.402787208557129,8.844683412943406,8.623735310750266
seq_4271,8.425724983215332,8.871544409168667,8.648634696192
seq_4272,8.453460693359375,8.884845756327309,8.669153224843342
seq_4273,8.388897895812988,8.862634798285995,8.625766347049492
seq_4274,8.388532638549805,8.850079152764229,8.619305895657018
seq_4275,8.396492004394531,8.862644927542318,8.629568465968426
seq_4276,8.427082061767578,8.894351980476959,8.660717021122268
seq_4277,8.420785903930664,8.910814704379154,8.66580030415491
seq_4278,8.316974639892578,8.863396110114573,8.590185375003575
seq_4279,8.352499961853027,8.858691134795077,8.605595548324052
seq_4280,8.357706069946289,8.852203866500226,8.604954968223257
seq_4281,8.402112007141113,8.932696706291662,8.667404356716387
seq_4282,8.332610130310059,8.850717151643103,8.59166364097658
seq_4283,8.382387161254883,8.88733534620417,8.634861253729525
seq_4284,8.40378475189209,8.902381215946534,8.653082983919312
seq_4285,8.379049301147461,8.86637261954952,8.62271096034849
seq_4286,8.398470878601074,8.9117304688423,8.655100673721687
seq_4287,8.383867263793945,8.888307715575548,8.636087489684748
seq_4288,8.366820335388184,8.88784107581463,8.627330705601405
seq_4289,8.368062973022461,8.842944434901284,8.605503703961872
seq_4290,8.378875732421875,8.877932259331828,8.628403995876852
seq_4291,8.393811225891113,8.89139569951259,8.642603462701851
seq_4292,8.36323356628418,8.868080679678387,8.615657122981283
seq_4293,8.37126350402832,8.871137905031752,8.621200704530036
seq_4294,8.377634048461914,8.888589132583293,8.633111590522603
seq_4295,8.399909019470215,8.898323870892952,8.649116445181583
seq_4296,8.410821914672852,8.93504874348659,8.67293532907972
seq_4297,8.37285327911377,8.846369890496206,8.609611584804988
seq_4298,8.337957382202148,8.808965311821067,8.573461347011609
seq_4299,8.346257209777832,8.823225510566862,8.584741360172348
seq_4300,8.433494567871094,8.891188996645155,8.662341782258125
seq_4301,8.371853828430176,8.834849757453734,8.603351792941954
seq_4302,8.41677188873291,8.847227492012587,8.631999690372748
seq_4303,8.4067964553833,8.880892584545416,8.643844519964357
seq_4304,8.393413543701172,8.832540865168452,8.612977204434813
seq_4305,8.393104553222656,8.875847638486086,8.634476095854371
seq_4306,8.422345161437988,8.864908032358493,8.64362659689824
seq_4307,8.40208625793457,8.8510519314087,8.626569094671634
seq_4308,8.374090194702148,8.837695393432346,8.605892794067248
seq_4309,8.392871856689453,8.849072948472704,8.620972402581078
seq_4310,8.397204399108887,8.849306256177535,8.62325532764321
seq_4311,8.394426345825195,8.861188854383052,8.627807600104124
seq_4312,8.412530899047852,8.871567286218523,8.642049092633187
seq_4313,8.391133308410645,8.879856606203196,8.635494957306921
seq_4314,8.419634819030762,8.88042239869208,8.65002860886142
seq_4315,8.427901268005371,8.885825652633635,8.656863460319503
seq_4316,8.430766105651855,8.896511342077098,8.663638723864477
seq_4317,8.351493835449219,8.84546490554875,8.598479370498985
seq_4318,8.378281593322754,8.865007578466615,8.621644585894686
seq_4319,8.354598999023438,8.848450813336216,8.601524906179826
seq_4320,8.367012977600098,8.842702422027536,8.604857699813817
seq_4321,8.396583557128906,8.887850715881344,8.642217136505124
seq_4322,8.331342697143555,8.823320461468597,8.577331579306076
seq_4323,8.380574226379395,8.869228443032323,8.624901334705859
seq_4324,8.406454086303711,8.90648469862749,8.6564693924656
seq_4325,8.351360321044922,8.84356020640768,8.597460263726301
seq_4326,8.358314514160156,8.842846256985098,8.600580385572627
seq_4327,8.355276107788086,8.855849058167156,8.60556258297762
seq_4328,8.405693054199219,8.844119860918152,8.624906457558685
seq_4329,8.402719497680664,8.877568953900479,8.640144225790571
seq_4330,8.381438255310059,8.857192982159376,8.619315618734717
seq_4331,8.371515274047852,8.833126948795847,8.60232111142185
seq_4332,8.378500938415527,8.856570204172154,8.61753557129384
seq_4333,8.360593795776367,8.826605022989796,8.593599409383081
seq_4334,8.385778427124023,8.849174161619903,8.617476294371963
seq_4335,8.371086120605469,8.850920134496691,8.61100312755108
seq_4336,8.371285438537598,8.818236949224115,8.594761193880856
seq_4337,8.378449440002441,8.867960973234956,8.6232052066187
seq_4338,8.385390281677246,8.852740602621047,8.619065442149147
seq_4339,8.36972713470459,8.856104972885248,8.612916053794919
seq_4340,8.387372970581055,8.8557307682023,8.621551869391677
seq_4341,8.368932723999023,8.851683423635743,8.610308073817382
seq_4342,8.370559692382812,8.838455046054072,8.604507369218442
seq_4343,8.379132270812988,8.841780340811352,8.610456305812171
seq_4344,8.391289710998535,8.878392600839014,8.634841155918775
seq_4345,8.362733840942383,8.816445280588471,8.589589560765427
seq_4346,8.360231399536133,8.908805805910882,8.634518602723507
seq_4347,8.337065696716309,8.889683425973594,8.613374561344951
seq_4348,8.331722259521484,8.835610429737864,8.583666344629673
seq_4349,8.319611549377441,8.812427778634332,8.566019664005886
seq_4350,8.315180778503418,8.837956200545639,8.57656848952453
seq_4351,8.276378631591797,8.767547378207283,8.52196300489954
seq_4352,8.278488159179688,8.827674446420206,8.553081302799946
seq_4353,8.245373725891113,8.62914997180944,8.437261848850277
seq_4354,8.294361114501953,8.723030318612674,8.508695716557312
seq_4355,8.26002025604248,8.650055397444246,8.455037826743364
seq_4356,8.268606185913086,8.637406287678933,8.45300623679601
seq_4357,8.342845916748047,8.761553659467799,8.552199788107924
seq_4358,8.309552192687988,8.665402399106984,8.487477295897486
seq_4359,8.331174850463867,8.748372018661525,8.539773434562697
seq_4360,8.332818031311035,8.76004833722232,8.546433184266679
seq_4361,8.360725402832031,8.721958483725937,8.541341943278983
seq_4362,8.319671630859375,8.682918052373843,8.501294841616609
seq_4363,8.262882232666016,8.657446763160856,8.460164497913436
seq_4364,8.223766326904297,8.711568537016197,8.467667431960248
seq_4365,8.270116806030273,8.769991627456266,8.520054216743269
seq_4366,8.376968383789062,8.838727772945967,8.607848078367514
seq_4367,8.374761581420898,8.801409632819016,8.588085607119957
seq_4368,8.38005256652832,8.780155869151097,8.580104217839708
seq_4369,8.404337882995605,8.809099942523622,8.606718912759614
seq_4370,8.387563705444336,8.860416927625064,8.6239903165347
seq_4371,8.337794303894043,8.809992651052646,8.573893477473344
seq_4372,8.367271423339844,8.80947174687931,8.588371585109577
seq_4373,8.359977722167969,8.80632460391448,8.583151163041224
seq_4374,8.350465774536133,8.788670060949661,8.569567917742898
seq_4375,8.342016220092773,8.793748474722861,8.567882347407817
seq_4376,8.35162353515625,8.791113783118789,8.57136865913752
seq_4377,8.359208106994629,8.795101400111347,8.577154753552989
seq_4378,8.3785982131958,8.848826724002713,8.613712468599257
seq_4379,8.382463455200195,8.797250507289306,8.58985698124475
seq_4380,8.383140563964844,8.834914260498705,8.609027412231775
seq_4381,8.362664222717285,8.820960181301839,8.591812202009562
seq_4382,8.360511779785156,8.810261989646799,8.585386884715977
seq_4383,8.359352111816406,8.803479286808933,8.58141569931267
seq_4384,8.350871086120605,8.79570637132962,8.573288728725114
seq_4385,8.342676162719727,8.799413586912916,8.571044874816321
seq_4386,8.356979370117188,8.836496242320349,8.59673780621877
seq_4387,8.389163970947266,8.82813848492651,8.608651227936889
seq_4388,8.389775276184082,8.873411030599925,8.631593153392004
seq_4389,8.396100044250488,8.901651299968108,8.648875672109298
seq_4390,8.325642585754395,8.793533171556149,8.559587878655272
seq_4391,8.323028564453125,8.836511546407504,8.579770055430314
seq_4392,8.366508483886719,8.791850635146954,8.579179559516836
seq_4393,8.340315818786621,8.793013164742069,8.566664491764346
seq_4394,8.304333686828613,8.794282369502572,8.549308028165592
seq_4395,8.331954002380371,8.798635683074249,8.56529484272731
seq_4396,8.344467163085938,8.800315194090134,8.572391178588035
seq_4397,8.375855445861816,8.878384108657869,8.627119777259843
seq_4398,8.357566833496094,8.812090663331249,8.58482874841367
seq_4399,8.381180763244629,8.874792928252903,8.627986845748765
seq_4400,8.337681770324707,8.850914203242333,8.59429798678352
seq_4401,8.338099479675293,8.827257556877091,8.582678518276193
seq_4402,8.337373733520508,8.822322636593864,8.579848185057186
seq_4403,8.343379974365234,8.804358835482512,8.573869404923872
seq_4404,8.340253829956055,8.778178199174576,8.559216014565315
seq_4405,8.335585594177246,8.809342033905398,8.572463814041322
seq_4406,8.458331108093262,8.757605285678993,8.607968196886127
seq_4407,8.419578552246094,8.819385150657185,8.619481851451638
seq_4408,8.364835739135742,8.770616480254125,8.567726109694934
seq_4409,8.396087646484375,8.820601334858646,8.60834449067151
seq_4410,8.429841995239258,8.821574671152625,8.625708333195941
seq_4411,8.44357681274414,8.870491639667005,8.657034226205573
seq_4412,8.426224708557129,8.828128653768431,8.62717668116278
seq_4413,8.452591896057129,8.869184680207294,8.660888288132211
seq_4414,8.40843677520752,8.841258844007184,8.624847809607353
seq_4415,8.403860092163086,8.849711560414457,8.62678582628877
seq_4416,8.41114616394043,8.830771225298538,8.620958694619484
seq_4417,8.427449226379395,8.831590131112804,8.6295196787461
seq_4418,8.412773132324219,8.810902626543568,8.611837879433892
seq_4419,8.392685890197754,8.835541757378158,8.614113823787957
seq_4420,8.33973217010498,8.849872393426677,8.59480228176583
seq_4421,8.366547584533691,8.862689675784662,8.614618630159177
seq_4422,8.379788398742676,8.845463632594615,8.612626015668646
seq_4423,8.3438720703125,8.868128363311701,8.6060002168121
seq_4424,8.366098403930664,8.823710458089764,8.594904431010214
seq_4425,8.364068984985352,8.882952551570199,8.623510768277775
seq_4426,8.362847328186035,8.8816733970785,8.622260362632268
seq_4427,8.328897476196289,8.834785375670513,8.581841425933401
seq_4428,8.342622756958008,8.839331252149403,8.590977004553705
seq_4429,8.377888679504395,8.857318643959633,8.617603661732014
seq_4430,8.385459899902344,8.865372667364829,8.625416283633587
seq_4431,8.373866081237793,8.887029148138714,8.630447614688254
seq_4432,8.297262191772461,8.804596780002111,8.550929485887286
seq_4433,8.389511108398438,8.828419503538058,8.608965305968248
seq_4434,8.385000228881836,8.833086156344546,8.609043192613191
seq_4435,8.390692710876465,8.881433487488632,8.636063099182548
seq_4436,8.39163589477539,8.8441931842913,8.617914539533345
seq_4437,8.387374877929688,8.835923910196868,8.611649394063278
seq_4438,8.372064590454102,8.871307107612909,8.621685849033504
seq_4439,8.381495475769043,8.846989260067122,8.614242367918083
seq_4440,8.372505187988281,8.85287794628086,8.61269156713457
seq_4441,8.387990951538086,8.85874815687879,8.623369554208438
seq_4442,8.401487350463867,8.858548336233975,8.63001784334892
seq_4443,8.370792388916016,8.823150888345431,8.596971638630723
seq_4444,8.401529312133789,8.860739783596557,8.631134547865173
seq_4445,8.382783889770508,8.863759055729478,8.623271472749993
seq_4446,8.39100170135498,8.8432157343978,8.617108717876391
seq_4447,8.388039588928223,8.853729361753581,8.620884475340901
seq_4448,8.363000869750977,8.875065448953098,8.619033159352037
seq_4449,8.38628101348877,8.850863993440067,8.618572503464417
seq_4450,8.376260757446289,8.88379968982301,8.630030223634648
seq_4451,8.39676284790039,8.840754680888848,8.61875876439462
seq_4452,8.421466827392578,8.848418723990834,8.634942775691705
seq_4453,8.407525062561035,8.79777211154267,8.602648587051853
seq_4454,8.408600807189941,8.859696764891575,8.634148786040758
seq_4455,8.402494430541992,8.87984264154122,8.641168536041606
seq_4456,8.418304443359375,8.84009066447619,8.629197553917782
seq_4457,8.405267715454102,8.84639831645078,8.625833015952441
seq_4458,8.393345832824707,8.866795923464748,8.630070878144728
seq_4459,8.395681381225586,8.854604924452078,8.625143152838831
seq_4460,8.388100624084473,8.867102916467928,8.6276017702762
seq_4461,8.296266555786133,8.829974025712348,8.56312029074924
seq_4462,8.382120132446289,8.817021372606963,8.599570752526626
seq_4463,8.369318962097168,8.825355552399143,8.597337257248157
seq_4464,8.3259916305542,8.8384997253735,8.58224567796385
seq_4465,8.393425941467285,8.875069858224899,8.634247899846091
seq_4466,8.353654861450195,8.837374937888146,8.59551489966917
seq_4467,8.338234901428223,8.864798364361196,8.60151663289471
seq_4468,8.374567985534668,8.85396895835277,8.614268471943719
seq_4469,8.318999290466309,8.858900392699079,8.588949841582693
seq_4470,8.336403846740723,8.853326675191587,8.594865260966156
seq_4471,8.389248847961426,8.864111575436443,8.626680211698934
seq_4472,8.387384414672852,8.797898987328933,8.592641701000893
seq_4473,8.373830795288086,8.858219814454404,8.616025304871245
seq_4474,8.374370574951172,8.853314037745458,8.613842306348314
seq_4475,8.384910583496094,8.86157408198671,8.623242332741402
seq_4476,8.380087852478027,8.869116389558199,8.624602121018114
seq_4477,8.358208656311035,8.87094809309666,8.614578374703846
seq_4478,8.359841346740723,8.832366474365232,8.596103910552976
seq_4479,8.345100402832031,8.842430827317356,8.593765615074695
seq_4480,8.403312683105469,8.878551468891953,8.64093207599871
seq_4481,8.364660263061523,8.867746815403262,8.616203539232393
seq_4482,8.38194465637207,8.871299261530197,8.626621958951134
seq_4483,8.387222290039062,8.869824513937502,8.628523401988282
seq_4484,8.404396057128906,8.879126541951038,8.641761299539972
seq_4485,8.396937370300293,8.81032463420332,8.603631002251806
seq_4486,8.391132354736328,8.887807755147268,8.639470054941798
seq_4487,8.375940322875977,8.884416568775533,8.630178445825756
seq_4488,8.398418426513672,8.870035795981133,8.634227111247402
seq_4489,8.402359008789062,8.86926765474364,8.63581333176635
seq_4490,8.404532432556152,8.884632789708451,8.644582611132302
seq_4491,8.355238914489746,8.841611082978721,8.598424998734234
seq_4492,8.362812995910645,8.884105835822792,8.62345941586672
seq_4493,8.397459983825684,8.851914275309898,8.624687129567791
seq_4494,8.402700424194336,8.847839304255853,8.625269864225094
seq_4495,8.40121841430664,8.827720598442912,8.614469506374776
seq_4496,8.405891418457031,8.846016430447815,8.625953924452423
seq_4497,8.398805618286133,8.836132349778765,8.617468984032449
seq_4498,8.416229248046875,8.854622328861407,8.63542578845414
seq_4499,8.41275405883789,8.863439256571656,8.638096657704773
seq_4500,8.408048629760742,8.87885418191799,8.643451405839366
seq_4501,8.395573616027832,8.80784967077775,8.60171164340279
seq_4502,8.376778602600098,8.839068575976446,8.607923589288273
seq_4503,8.36829948425293,8.864299399242467,8.6162994417477
seq_4504,8.367115020751953,8.85330045658051,8.610207738666231
seq_4505,8.376049041748047,8.856360914171074,8.61620497795956
seq_4506,8.367549896240234,8.868079266893075,8.617814581566655
seq_4507,8.348644256591797,8.81451187076309,8.581578063677444
seq_4508,8.345439910888672,8.842238372538652,8.593839141713662
seq_4509,8.30978775024414,8.810987984432112,8.560387867338125
seq_4510,8.37441635131836,8.84251528179185,8.608465816555105
seq_4511,8.37332820892334,8.851047661082093,8.612187935002716
seq_4512,8.36081600189209,8.83691663717531,8.5988663195337
seq_4513,8.396244049072266,8.868600457131059,8.632422253101662
seq_4514,8.374460220336914,8.849683889563705,8.61207205495031
seq_4515,8.361413955688477,8.857906729216577,8.609660342452527
seq_4516,8.37292766571045,8.865067804822756,8.618997735266603
seq_4517,8.309521675109863,8.850083818313609,8.579802746711735
seq_4518,8.38112735748291,8.846668861364682,8.613898109423797
seq_4519,8.389514923095703,8.86696578778009,8.628240355437896
seq_4520,8.404035568237305,8.84364908287645,8.623842325556877
seq_4521,8.374555587768555,8.873357016337685,8.62395630205312
seq_4522,8.381719589233398,8.877368144820778,8.629543867027088
seq_4523,8.3947172164917,8.85490226584979,8.624809741170743
seq_4524,8.37313461303711,8.858961380990873,8.616047997013991
seq_4525,8.37771224975586,8.871744536029457,8.624728392892658
seq_4526,8.38498592376709,8.798799387762987,8.591892655765038
seq_4527,8.379779815673828,8.848531802424489,8.614155809049159
seq_4528,8.370464324951172,8.805265591697893,8.587864958324532
seq_4529,8.377670288085938,8.802678242667355,8.590174265376646
seq_4530,8.354673385620117,8.798866244709451,8.576769815164784
seq_4531,8.377337455749512,8.752025994535952,8.564681725142732
seq_4532,8.36546802520752,8.779385909736853,8.572426967472186
seq_4533,8.395125389099121,8.858414656712227,8.626770022905674
seq_4534,8.38987922668457,8.836369011014527,8.613124118849548
seq_4535,8.381193161010742,8.836255551089762,8.608724356050253
seq_4536,8.390987396240234,8.852955964857966,8.6219716805491
seq_4537,8.386238098144531,8.829149414673106,8.607693756408818
seq_4538,8.378814697265625,8.852222930057508,8.615518813661566
seq_4539,8.333694458007812,8.822467184017263,8.578080821012538
seq_4540,8.34735107421875,8.817963329713633,8.582657201966192
seq_4541,8.307055473327637,8.829767726106608,8.568411599717123
seq_4542,8.319314002990723,8.79760565479514,8.558459828892932
seq_4543,8.319644927978516,8.827684949952348,8.573664938965432
seq_4544,8.376646041870117,8.933025701517908,8.654835871694011
seq_4545,8.365765571594238,8.851592028550185,8.608678800072212
seq_4546,8.368196487426758,8.865045480747646,8.616620984087202
seq_4547,8.39637565612793,8.925338494832477,8.660857075480203
seq_4548,8.410730361938477,8.889170134644855,8.649950248291667
seq_4549,8.417465209960938,8.930228837248649,8.673847023604793
seq_4550,8.400870323181152,8.94904456797811,8.674957445579631
seq_4551,8.381494522094727,8.900756720048227,8.641125621071478
seq_4552,8.383406639099121,8.89681415046563,8.640110394782376
seq_4553,8.354074478149414,8.857185165635798,8.605629821892606
seq_4554,8.379922866821289,8.884549029858368,8.63223594833983
seq_4555,8.362187385559082,8.911943098883155,8.63706524222112
seq_4556,8.354300498962402,8.880320670306913,8.617310584634659
seq_4557,8.353912353515625,8.882650265225621,8.618281309370623
seq_4558,8.363500595092773,8.904594363788648,8.63404747944071
seq_4559,8.350790023803711,8.89517181691593,8.62298092035982
seq_4560,8.338521957397461,8.852762097857212,8.595642027627337
seq_4561,8.353317260742188,8.868938226269965,8.611127743506076
seq_4562,8.373208999633789,8.897694460043923,8.635451729838856
seq_4563,8.34789752960205,8.796413379641725,8.572155454621889
seq_4564,8.337305068969727,8.838479950114776,8.58789250954225
seq_4565,8.348711967468262,8.847066236435968,8.597889101952115
seq_4566,8.392621040344238,8.866521079635326,8.629571059989782
seq_4567,8.386427879333496,8.871058763356853,8.628743321345175
seq_4568,8.402459144592285,8.831721770392853,8.61709045749257
seq_4569,8.408077239990234,8.859875620240373,8.633976430115304
seq_4570,8.382570266723633,8.850038136152943,8.616304201438288
seq_4571,8.38597583770752,8.859379491982825,8.622677664845172
seq_4572,8.395621299743652,8.84062017666373,8.618120738203691
seq_4573,8.401148796081543,8.876914298003065,8.639031547042304
seq_4574,8.365821838378906,8.839586045079761,8.602703941729335
seq_4575,8.38376235961914,8.86728648225852,8.62552442093883
seq_4576,8.405146598815918,8.883188130863394,8.644167364839657
seq_4577,8.361051559448242,8.863536439379581,8.612293999413911
seq_4578,8.35595703125,8.860988871083542,8.608472951166771
seq_4579,8.40578842163086,8.872424899946358,8.63910666078861
seq_4580,8.390775680541992,8.83192683501615,8.61135125777907
seq_4581,8.388383865356445,8.866655707949187,8.627519786652815
seq_4582,8.345148086547852,8.848747984448217,8.596948035498034
seq_4583,8.347431182861328,8.8387578640685,8.593094523464913
seq_4584,8.354643821716309,8.862959525212716,8.608801673464512
seq_4585,8.389991760253906,8.887931561224311,8.63896166073911
seq_4586,8.377924919128418,8.846783845858845,8.612354382493631
seq_4587,8.346882820129395,8.870135282738914,8.608509051434154
seq_4588,8.269929885864258,8.819408342677246,8.544669114270752
seq_4589,8.233419418334961,8.824758339519377,8.529088878927169
seq_4590,8.302349090576172,8.862765459385987,8.58255727498108
seq_4591,8.206008911132812,8.824363040019419,8.515185975576117
seq_4592,8.253423690795898,8.821904753982132,8.537664222389015
seq_4593,8.268192291259766,8.84843476445014,8.558313527854953
seq_4594,8.215221405029297,8.793832713713005,8.504527059371151
seq_4595,8.288488388061523,8.840429336319216,8.56445886219037
seq_4596,8.291748046875,8.865660917165531,8.578704482020266
seq_4597,8.283735275268555,8.824923457676391,8.554329366472473
seq_4598,8.263871192932129,8.826688863642113,8.54528002828712
seq_4599,8.251002311706543,8.835120434429061,8.543061373067802
seq_4600,8.2761812210083,8.808329751721935,8.542255486365118
seq_4601,8.260074615478516,8.86261371374124,8.561344164609878
seq_4602,8.432433128356934,8.941217968384962,8.686825548370948
seq_4603,8.367517471313477,8.863737593904677,8.615627532609077
seq_4604,8.391223907470703,8.85160005106862,8.621411979269663
seq_4605,8.410112380981445,8.936474079461751,8.6732932302216
seq_4606,8.405738830566406,8.927004397301458,8.666371613933933
seq_4607,8.431657791137695,8.9320033509666,8.681830571052148
seq_4608,8.430498123168945,8.94228019042796,8.686389156798452
seq_4609,8.420153617858887,8.91807900443542,8.669116311147153
seq_4610,8.419452667236328,8.915044041367317,8.667248354301822
seq_4611,8.376165390014648,8.85724687656777,8.61670613329121
seq_4612,8.444245338439941,8.897499230552382,8.670872284496163
seq_4613,8.42033576965332,8.933029965623145,8.676682867638233
seq_4614,8.412500381469727,8.780849843246582,8.596675112358154
seq_4615,8.392292022705078,8.896456447442818,8.644374235073947
seq_4616,8.306389808654785,8.819844375597377,8.563117092126081
seq_4617,8.381799697875977,8.900661364122644,8.64123053099931
seq_4618,8.383292198181152,8.901165424194089,8.642228811187621
seq_4619,8.398622512817383,8.903725907885132,8.651174210351257
seq_4620,8.363909721374512,8.853085884300446,8.60849780283748
seq_4621,8.408475875854492,8.906900027445484,8.657687951649988
seq_4622,8.372312545776367,8.870629110267396,8.62147082802188
seq_4623,8.376070022583008,8.880933527797037,8.628501775190022
seq_4624,8.366069793701172,8.891920038415408,8.62899491605829
seq_4625,8.393339157104492,8.903758977690453,8.648549067397472
seq_4626,8.409061431884766,8.906797424549593,8.65792942821718
seq_4627,8.398591995239258,8.919948083013102,8.65927003912618
seq_4628,8.37161636352539,8.856359163158599,8.613987763341996
seq_4629,8.388277053833008,8.849234865046443,8.618755959439724
seq_4630,8.36312484741211,8.84048968576897,8.60180726659054
seq_4631,8.367155075073242,8.84564552691607,8.606400300994656
seq_4632,8.396934509277344,8.86067838339497,8.628806446336156
seq_4633,8.372498512268066,8.857522033685418,8.615010272976743
seq_4634,8.375103950500488,8.862872672533939,8.618988311517214
seq_4635,8.371291160583496,8.807343224181585,8.589317192382541
seq_4636,8.361136436462402,8.79361647599141,8.577376456226906
seq_4637,8.364250183105469,8.818733608555926,8.591491895830696
seq_4638,8.372657775878906,8.813671941158793,8.59316485851885
seq_4639,8.375553131103516,8.799280839157076,8.587416985130297
seq_4640,8.357848167419434,8.792200949145116,8.575024558282275
seq_4641,8.364272117614746,8.811863451757642,8.588067784686194
seq_4642,8.398244857788086,8.854958062425858,8.626601460106972
seq_4643,8.386935234069824,8.861900561295444,8.624417897682633
seq_4644,8.413524627685547,8.90065959527414,8.657092111479844
seq_4645,8.397048950195312,8.827351284357176,8.612200117276245
seq_4646,8.393404960632324,8.839273915114038,8.616339437873181
seq_4647,8.377452850341797,8.825953562167802,8.6017032062548
seq_4648,8.391483306884766,8.855013818566299,8.623248562725532
seq_4649,8.394927978515625,8.844223776499549,8.619575877507586
seq_4650,8.397820472717285,8.847265261326198,8.622542867021743
seq_4651,8.38731575012207,8.831603743046008,8.60945974658404
seq_4652,8.423774719238281,8.855687815157463,8.639731267197872
seq_4653,8.397346496582031,8.830441498526312,8.613893997554172
seq_4654,8.394195556640625,8.852358295541226,8.623276926090925
seq_4655,8.393274307250977,8.854623645657435,8.623948976454205
seq_4656,8.393685340881348,8.850932951230057,8.622309146055702
seq_4657,8.392192840576172,8.8378677693355,8.615030304955836
seq_4658,8.396095275878906,8.867104846669477,8.631600061274192
seq_4659,8.363133430480957,8.834596008643196,8.598864719562076
seq_4660,8.363567352294922,8.834620797380895,8.599094074837907
seq_4661,8.365589141845703,8.861274314953882,8.613431728399792
seq_4662,8.373581886291504,8.836971670108808,8.605276778200157
seq_4663,8.376289367675781,8.871884527552007,8.624086947613893
seq_4664,8.376412391662598,8.851468322403743,8.61394035703317
seq_4665,8.380615234375,8.862588537319084,8.621601885847042
seq_4666,8.381489753723145,8.842787803863219,8.612138778793181
seq_4667,8.383363723754883,8.868288046982737,8.62582588536881
seq_4668,8.375991821289062,8.856480543729344,8.616236182509203
seq_4669,8.344484329223633,8.836814830027429,8.59064957962553
seq_4670,8.365415573120117,8.840551775253903,8.60298367418701
seq_4671,8.359745025634766,8.838802238001756,8.59927363181826
seq_4672,8.344633102416992,8.825122122844457,8.584877612630724
seq_4673,8.344711303710938,8.851484635406917,8.598097969558928
seq_4674,8.363765716552734,8.861420894943642,8.612593305748188
seq_4675,8.387374877929688,8.857682855602885,8.622528866766286
seq_4676,8.371208190917969,8.850636567752831,8.610922379335399
seq_4677,8.374271392822266,8.877301716007542,8.625786554414905
seq_4678,7.868889808654785,8.140361083956554,8.00462544630567
seq_4679,8.09598445892334,7.841551411804212,7.9687679353637755
seq_4680,7.774722576141357,7.428973909326574,7.601848242733966
seq_4681,8.046978950500488,8.464442781712275,8.255710866106382
seq_4682,8.321436882019043,8.983023448066158,8.6522301650426
seq_4683,7.93695592880249,8.034239901156482,7.985597914979486
seq_4684,8.21425724029541,8.59920915125327,8.40673319577434
seq_4685,8.232222557067871,7.9674205312420705,8.09982154415497
seq_4686,7.844345569610596,8.080992068389055,7.962668818999825
seq_4687,8.40665054321289,8.694989773991994,8.550820158602441
seq_4688,8.344634056091309,8.647740193099045,8.496187124595178
seq_4689,8.19222640991211,8.332740243295767,8.262483326603938
seq_4690,7.336038589477539,6.737293694326722,7.03666614190213
seq_4691,7.692193984985352,7.448747732070887,7.570470858528119
seq_4692,7.447426795959473,7.662846516373903,7.555136656166688
seq_4693,8.155654907226562,7.794642514526201,7.975148710876382
seq_4694,7.946422100067139,8.251007387477685,8.098714743772412
seq_4695,7.897356986999512,7.97684218888114,7.937099587940326
seq_4696,7.702587127685547,7.5990215873004825,7.650804357493015
seq_4697,8.206368446350098,8.241409071632322,8.22388875899121
seq_4698,8.185599327087402,7.8099857883103105,7.997792557698856
seq_4699,7.7305192947387695,8.220301307099167,7.975410300918968
seq_4700,7.980020523071289,8.627537639123227,8.303779081097257
seq_4701,7.510536193847656,7.51734636030085,7.513941277074253
seq_4702,7.656550407409668,7.077156610250786,7.366853508830227
seq_4703,7.821230888366699,8.00326725083047,7.912249069598585
seq_4704,7.8654937744140625,7.713069557825619,7.789281666119841
seq_4705,8.33703327178955,8.734447288775858,8.535740280282704
seq_4706,7.797035217285156,8.066356998553916,7.931696107919536
seq_4707,8.238015174865723,7.9232186088377015,8.080616891851712
seq_4708,7.834298610687256,7.6474744449565675,7.740886527821912
seq_4709,7.851980209350586,7.633149262942407,7.742564736146496
seq_4710,7.951401710510254,7.846684540070359,7.899043125290307
seq_4711,8.110105514526367,8.276589194417571,8.19334735447197
seq_4712,8.336078643798828,8.709794890745254,8.522936767272041
seq_4713,8.255977630615234,8.28256108879377,8.269269359704502
seq_4714,8.042762756347656,8.021606369842045,8.032184563094852
seq_4715,7.577301979064941,7.421058903211,7.4991804411379706
seq_4716,7.704376220703125,7.302912454150478,7.503644337426802
seq_4717,8.285260200500488,8.784779065855695,8.535019633178091
seq_4718,8.055839538574219,8.488569982337747,8.272204760455983
seq_4719,7.935575008392334,8.045996993871327,7.990786001131831
seq_4720,7.909473419189453,8.08467499486244,7.997074207025946
seq_4721,7.886518955230713,8.216452936271372,8.051485945751043
seq_4722,8.004866600036621,8.040111075904617,8.02248883797062
seq_4723,7.673611640930176,8.25768176373925,7.965646702334713
seq_4724,8.1045560836792,8.120004356539493,8.112280220109346
seq_4725,8.058921813964844,8.19141660955712,8.125169211760982
seq_4726,7.568944931030273,7.865060230321053,7.717002580675663
seq_4727,7.8656535148620605,8.205877836200449,8.035765675531255
seq_4728,7.819927215576172,7.990970978722775,7.905449097149473
seq_4729,7.895573616027832,8.134238065404405,8.014905840716118
seq_4730,7.775463104248047,7.82437556683138,7.799919335539713
seq_4731,7.785201072692871,7.885656845893152,7.8354289592930115
seq_4732,8.353660583496094,8.353312179811844,8.353486381653969
seq_4733,7.88797664642334,8.03295251167199,7.960464579047665
seq_4734,7.581986904144287,7.854545721853828,7.718266312999058
seq_4735,7.995245456695557,7.978496519072191,7.986870987883874
seq_4736,8.324769973754883,8.704410308865313,8.514590141310098
seq_4737,7.787091255187988,7.955269845878769,7.871180550533379
seq_4738,7.981928825378418,8.087501994422,8.034715409900208
seq_4739,7.448891639709473,7.8209201086535804,7.634905874181527
seq_4740,7.972920894622803,8.177794752107422,8.075357823365113
seq_4741,8.233936309814453,8.108191118678151,8.171063714246301
seq_4742,7.8808698654174805,7.638465600834202,7.759667733125841
seq_4743,7.506069660186768,7.797570754462219,7.651820207324493
seq_4744,7.526448726654053,7.926563593920903,7.726506160287478
seq_4745,7.972934722900391,7.93187677216985,7.952405747535121
seq_4746,7.409127712249756,7.744183445312505,7.57665557878113
seq_4747,7.624894142150879,7.7768610165045935,7.700877579327736
seq_4748,8.116654396057129,7.959879751152929,8.038267073605029
seq_4749,7.649188995361328,7.591818665138216,7.620503830249772
seq_4750,7.998238563537598,8.299961652601116,8.149100108069357
seq_4751,7.885144233703613,8.136287987581257,8.010716110642434
seq_4752,7.8799309730529785,8.439392359323,8.15966166618799
seq_4753,8.017288208007812,7.770215876284226,7.893752042146019
seq_4754,7.635624408721924,7.258775134802734,7.447199771762329
seq_4755,8.19943904876709,8.105451230118403,8.152445139442747
seq_4756,7.840423107147217,8.286780700778506,8.063601903962862
seq_4757,7.983263969421387,8.19386990782105,8.088566938621218
seq_4758,8.079962730407715,8.272033783342792,8.175998256875253
seq_4759,8.067739486694336,8.274328132174425,8.17103380943438
seq_4760,7.967155933380127,7.957677116442307,7.962416524911217
seq_4761,7.721405029296875,8.370424731387539,8.045914880342206
seq_4762,8.074745178222656,8.193823574377138,8.134284376299897
seq_4763,8.283513069152832,8.120380180112454,8.201946624632644
seq_4764,7.850550651550293,7.711508464148528,7.78102955784941
seq_4765,8.134515762329102,8.267927227168345,8.201221494748722
seq_4766,7.803619861602783,7.439709736567164,7.621664799084973
seq_4767,8.031006813049316,8.477194697967501,8.254100755508409
seq_4768,8.207018852233887,8.65388994579786,8.430454399015874
seq_4769,7.963651180267334,8.052497156996623,8.008074168631978
seq_4770,8.022038459777832,8.277829426707633,8.149933943242733
seq_4771,8.024587631225586,7.814500697755542,7.9195441644905635
seq_4772,8.16325855255127,8.428115999974617,8.295687276262942
seq_4773,7.951809406280518,7.657682950628779,7.804746178454648
seq_4774,7.48505973815918,7.749605316418369,7.617332527288774
seq_4775,7.897543907165527,7.918140685829947,7.907842296497737
seq_4776,7.550755500793457,7.743066277396273,7.646910889094865
seq_4777,7.704477787017822,7.869321492288412,7.786899639653117
seq_4778,7.531723499298096,7.406588324192473,7.469155911745284
seq_4779,7.957371711730957,7.684355244775524,7.820863478253241
seq_4780,7.604395866394043,7.231395415983798,7.41789564118892
seq_4781,7.833017349243164,8.145385972474468,7.989201660858816
seq_4782,7.675171852111816,8.282253475783884,7.97871266394785
seq_4783,7.568844795227051,7.863409434095824,7.716127114661438
seq_4784,7.885988235473633,8.202677774064163,8.044333004768898
seq_4785,8.046073913574219,8.653223501771784,8.349648707673001
seq_4786,8.4186372756958,8.55219058141128,8.485413928553541
seq_4787,7.733508110046387,7.374765048242146,7.5541365791442665
seq_4788,7.937398910522461,7.801857071284983,7.869627990903722
seq_4789,8.063575744628906,8.109179765110623,8.086377754869766
seq_4790,7.672834873199463,8.385626971634785,8.029230922417124
seq_4791,7.828458309173584,8.286019827706182,8.057239068439884
seq_4792,7.672819137573242,7.460722146837017,7.56677064220513
seq_4793,7.791978359222412,8.058591866531328,7.92528511287687
seq_4794,7.9848246574401855,8.117018260798842,8.050921459119515
seq_4795,7.832775115966797,8.026350267936365,7.929562691951581
seq_4796,7.60238790512085,8.190695045461991,7.8965414752914205
seq_4797,8.049089431762695,8.056941350072506,8.0530153909176
seq_4798,7.302842140197754,7.785006732062647,7.543924436130201
seq_4799,7.589165687561035,7.601165551612803,7.595165619586919
seq_4800,7.66701602935791,7.814988978351059,7.741002503854485
seq_4801,7.702265739440918,7.15897266794818,7.430619203694549
seq_4802,7.886340141296387,8.20968752201111,8.048013831653748
seq_4803,7.843736171722412,8.290917944918919,8.067327058320664
seq_4804,8.067852020263672,8.288067268165602,8.177959644214637
seq_4805,7.800882816314697,8.08066880439017,7.9407758103524335
seq_4806,8.10971736907959,8.128461414592067,8.119089391835828
seq_4807,7.174060344696045,6.764239833925025,6.969150089310535
seq_4808,7.34938383102417,6.760343704259525,7.054863767641848
seq_4809,7.97775411605835,8.3414917526725,8.159622934365425
seq_4810,8.07316780090332,7.875061755515916,7.974114778209618
seq_4811,7.437695503234863,7.490762472017015,7.464228987625939
seq_4812,7.547293663024902,8.099913909054072,7.823603786039487
seq_4813,7.9921112060546875,8.293897399237688,8.143004302646187
seq_4814,8.211423873901367,8.269595871450264,8.240509872675815
seq_4815,7.824203968048096,7.819010648798923,7.821607308423509
seq_4816,7.825043678283691,7.912529429191206,7.868786553737449
seq_4817,8.550960540771484,8.859363873656568,8.705162207214027
seq_4818,7.96690034866333,8.020323331504002,7.993611840083666
seq_4819,8.02175521850586,8.272461378414679,8.14710829846027
seq_4820,7.815765380859375,8.027126450630444,7.9214459157449095
seq_4821,7.559201717376709,7.673215951869009,7.616208834622859
seq_4822,7.746064186096191,7.844227367206147,7.79514577665117
seq_4823,7.970696449279785,8.264727763364125,8.117712106321955
seq_4824,7.724750995635986,8.226572978372015,7.975661987004001
seq_4825,8.202754020690918,7.957191779253753,8.079972899972336
seq_4826,7.76236629486084,8.123125766578477,7.9427460307196585
seq_4827,7.858181953430176,8.01229913032964,7.9352405418799075
seq_4828,7.922094821929932,8.218421349965242,8.070258085947586
seq_4829,7.900966644287109,7.6543302801275495,7.777648462207329
seq_4830,7.974740505218506,8.369747109232598,8.172243807225552
seq_4831,8.045866966247559,8.608385884199432,8.327126425223495
seq_4832,8.476300239562988,8.762196437184695,8.619248338373842
seq_4833,7.916677951812744,8.228080049178983,8.072379000495864
seq_4834,7.569242477416992,7.560332053971207,7.5647872656940995
seq_4835,8.076133728027344,8.51297868270546,8.294556205366401
seq_4836,7.735563278198242,7.472585724414681,7.604074501306462
seq_4837,7.763655185699463,7.394812064062016,7.5792336248807395
seq_4838,8.34482192993164,8.691869098251711,8.518345514091676
seq_4839,8.350273132324219,8.639201375435997,8.494737253880107
seq_4840,8.09096908569336,8.243955632343557,8.167462359018458
seq_4841,7.754573822021484,8.345109646564435,8.04984173429296
seq_4842,7.896289825439453,8.539933224639944,8.2181115250397
seq_4843,7.733657360076904,7.646996927891978,7.690327143984441
seq_4844,8.002689361572266,8.282978533810295,8.14283394769128
seq_4845,7.750087738037109,8.17235980350688,7.961223770771995
seq_4846,8.269712448120117,8.148783901517298,8.209248174818708
seq_4847,7.986738681793213,8.538158792256393,8.262448737024803
seq_4848,8.168147087097168,8.117159061174377,8.142653074135772
seq_4849,8.10185432434082,8.660640966667792,8.381247645504306
seq_4850,7.781065940856934,7.965983443630343,7.873524692243638
seq_4851,7.685525894165039,7.295169674606898,7.4903477843859685
seq_4852,7.87991189956665,7.867319003984162,7.873615451775406
seq_4853,7.62698221206665,7.905878911740633,7.766430561903642
seq_4854,7.811938285827637,7.823907010911674,7.817922648369656
seq_4855,7.820653915405273,8.125913272304533,7.973283593854903
seq_4856,7.735944747924805,8.37175905736316,8.053851902643983
seq_4857,8.016312599182129,8.17213629943844,8.094224449310286
seq_4858,8.107776641845703,8.362711796583737,8.23524421921472
seq_4859,8.039315223693848,8.10493467568634,8.072124949690094
seq_4860,7.906871318817139,8.043890344201234,7.975380831509186
seq_4861,7.878262042999268,7.985283812872847,7.931772927936057
seq_4862,8.122594833374023,7.931172681935923,8.026883757654973
seq_4863,8.152450561523438,8.083860076699473,8.118155319111455
seq_4864,7.934747695922852,7.80326275189549,7.869005223909171
seq_4865,7.827096462249756,8.019022043444043,7.923059252846899
seq_4866,7.582429885864258,7.846770123384063,7.7146000046241605
seq_4867,7.483983516693115,7.399748571328351,7.441866044010733
seq_4868,7.397713661193848,7.14180851042104,7.269761085807444
seq_4869,7.924647331237793,8.578648261723917,8.251647796480855
seq_4870,7.749198913574219,7.427278433456241,7.58823867351523
seq_4871,7.4197187423706055,7.355764685116958,7.3877417137437815
seq_4872,7.944160461425781,8.662234470438078,8.30319746593193
seq_4873,8.093517303466797,8.113785995229021,8.10365164934791
seq_4874,7.759420394897461,7.8197751959072175,7.789597795402339
seq_4875,7.842321395874023,7.916482095649727,7.879401745761875
seq_4876,7.98565149307251,8.03709414561056,8.011372819341535
seq_4877,8.087626457214355,8.004911059796129,8.046268758505242
seq_4878,8.160971641540527,8.157133106948905,8.159052374244716
seq_4879,8.089238166809082,8.2950952262699,8.192166696539491
seq_4880,7.868818759918213,7.939757841259324,7.904288300588768
seq_4881,7.703953742980957,7.9324273792571525,7.818190561119055
seq_4882,7.936454772949219,7.940141721442002,7.93829824719561
seq_4883,7.85976505279541,8.209655841347537,8.034710447071474
seq_4884,7.950157165527344,7.810704435528976,7.88043080052816
seq_4885,8.161748886108398,8.439518116399137,8.300633501253767
seq_4886,7.975275039672852,8.256877227819158,8.116076133746006
seq_4887,7.891664028167725,7.8595358306544245,7.875599929411075
seq_4888,8.006850242614746,8.16334334132291,8.085096791968828
seq_4889,8.013542175292969,8.312971819146439,8.163256997219705
seq_4890,8.289002418518066,8.680449421824669,8.484725920171368
seq_4891,7.928791046142578,8.237435766110552,8.083113406126564
seq_4892,7.553144454956055,7.356887747436467,7.455016101196261
seq_4893,7.822702884674072,7.8513581193670205,7.837030502020546
seq_4894,8.068680763244629,8.228705884470203,8.148693323857415
seq_4895,7.823332786560059,8.036568034374953,7.929950410467506
seq_4896,7.618840217590332,7.981474577708292,7.800157397649312
seq_4897,7.589742183685303,7.368982015364487,7.479362099524895
seq_4898,7.509686470031738,7.300599371498283,7.405142920765011
seq_4899,7.7593183517456055,7.420871175770099,7.590094763757852
seq_4900,8.007621765136719,7.795311696228783,7.901466730682751
seq_4901,8.081735610961914,8.399456409050073,8.240596010005994
seq_4902,7.79013729095459,8.144634799750436,7.967386045352513
seq_4903,8.111101150512695,8.23297525969936,8.172038205106027
seq_4904,7.808558464050293,8.295413146693997,8.051985805372144
seq_4905,7.968985557556152,7.775223268064874,7.872104412810513
seq_4906,7.452690601348877,7.755705700634291,7.604198150991584
seq_4907,7.533760070800781,8.120995295808765,7.827377683304773
seq_4908,7.910581588745117,8.23862905505259,8.074605321898854
seq_4909,8.189849853515625,7.834268919249862,8.012059386382743
seq_4910,7.851954460144043,8.018639298001839,7.935296879072941
seq_4911,8.251667022705078,8.118647555285067,8.185157288995072
seq_4912,7.7735595703125,8.382323809450375,8.077941689881438
seq_4913,8.074050903320312,8.131511595028414,8.102781249174363
seq_4914,8.284460067749023,8.323767312119129,8.304113689934077
seq_4915,7.9286017417907715,7.858296771259269,7.89344925652502
seq_4916,7.946961402893066,8.096352832304387,8.021657117598727
seq_4917,7.920929431915283,7.906120589712895,7.913525010814089
seq_4918,7.953017234802246,7.919509377448776,7.936263306125511
seq_4919,7.884127616882324,7.950977247683609,7.9175524322829665
seq_4920,7.864616394042969,7.877703208280783,7.871159801161876
seq_4921,7.809060573577881,7.4051518433302075,7.607106208454044
seq_4922,7.745408058166504,7.052520973316099,7.3989645157413015
seq_4923,8.064935684204102,8.509585888702908,8.287260786453505
seq_4924,7.490861892700195,8.020147135252115,7.755504513976155
seq_4925,8.010364532470703,7.855704665618548,7.933034599044626
seq_4926,8.110319137573242,8.41248734570381,8.261403241638526
seq_4927,8.052908897399902,8.191104792291725,8.122006844845814
seq_4928,7.992509841918945,7.81964048296536,7.906075162442153
seq_4929,7.939776420593262,7.953386282817085,7.9465813517051735
seq_4930,7.786314487457275,8.077184895569168,7.931749691513222
seq_4931,7.859775543212891,7.685016662645735,7.772396102929313
seq_4932,7.93220329284668,8.16204597620713,8.047124634526906
seq_4933,7.843005180358887,7.744255167220877,7.793630173789882
seq_4934,7.850813865661621,8.328516645032096,8.089665255346858
seq_4935,7.934536457061768,8.14846130418891,8.041498880625339
seq_4936,7.9170637130737305,7.6674798806677185,7.7922717968707245
seq_4937,7.918467044830322,7.818566647721731,7.868516846276027
seq_4938,7.958924293518066,8.364913156346244,8.161918724932155
seq_4939,8.091812133789062,8.290031053178389,8.190921593483726
seq_4940,8.001903533935547,8.307636576836755,8.154770055386152
seq_4941,7.711939811706543,7.766956170356446,7.739447991031494
seq_4942,7.846364498138428,7.460047650238983,7.653206074188706
seq_4943,8.085846900939941,8.527048464393728,8.306447682666835
seq_4944,8.090929985046387,8.178880192438783,8.134905088742585
seq_4945,7.960740089416504,8.01292679774669,7.986833443581597
seq_4946,7.5088019371032715,7.271683295601186,7.390242616352229
seq_4947,8.151988983154297,7.710801659124467,7.931395321139382
seq_4948,7.7326812744140625,7.292415018113896,7.512548146263979
seq_4949,8.032901763916016,7.9516748469109775,7.9922883054134966
seq_4950,7.9540863037109375,8.166225668498136,8.060155986104537
seq_4951,8.093963623046875,8.151372379553674,8.122668001300275
seq_4952,7.936256408691406,7.750927649256212,7.843592028973809
seq_4953,7.848452568054199,8.266212177987489,8.057332373020845
seq_4954,8.126644134521484,8.448553331225746,8.287598732873615
seq_4955,7.847439289093018,8.132412714205115,7.989926001649066
seq_4956,8.224899291992188,8.629271323759255,8.427085307875721
seq_4957,8.08651351928711,8.58631819898672,8.336415859136915
seq_4958,7.670971870422363,8.456527797846366,8.063749834134365
seq_4959,8.282743453979492,8.109713406284715,8.196228430132104
seq_4960,8.028657913208008,8.216548334474751,8.12260312384138
seq_4961,8.130877494812012,8.292566013276684,8.211721754044348
seq_4962,8.054231643676758,7.7645665224799885,7.909399083078373
seq_4963,7.908507347106934,8.229476574322664,8.068991960714799
seq_4964,7.949200630187988,7.936780246272422,7.942990438230205
seq_4965,8.012428283691406,8.234443508356815,8.12343589602411
seq_4966,7.261934280395508,7.1146878767403,7.188311078567904
seq_4967,7.608906269073486,7.996337034370004,7.802621651721745
seq_4968,8.033035278320312,8.170189506864524,8.101612392592418
seq_4969,7.892577171325684,8.365462385614192,8.129019778469939
seq_4970,7.840171813964844,8.13685839877588,7.988515106370362
seq_4971,7.715721130371094,8.025457695582997,7.870589412977045
seq_4972,7.9529643058776855,8.489786271255104,8.221375288566396
seq_4973,8.159505844116211,8.681477457147883,8.420491650632048
seq_4974,8.000070571899414,8.209795513782003,8.10493304284071
seq_4975,8.086172103881836,7.575344706665183,7.830758405273509
seq_4976,8.067490577697754,8.228953697795882,8.148222137746817
seq_4977,7.951381683349609,7.954550326613729,7.952966004981669
seq_4978,7.933816909790039,8.10867221097717,8.021244560383604
seq_4979,7.832945823669434,8.014383420691882,7.923664622180658
seq_4980,7.830021381378174,7.962555831361659,7.896288606369916
seq_4981,8.11911392211914,8.435204190261935,8.277159056190538
seq_4982,7.661935329437256,7.855180992845205,7.758558161141231
seq_4983,7.967711448669434,7.763003879525666,7.86535766409755
seq_4984,7.990668296813965,7.90526635486527,7.947967325839617
seq_4985,7.577220439910889,7.934602101833455,7.755911270872172
seq_4986,7.660857677459717,7.941538928114843,7.80119830278728
seq_4987,8.078893661499023,8.175317798254648,8.127105729876835
